Provinsi,Kabupaten,Longitude,Latitude,Jumlah.Penduduk.Kab,PDRB.Rupiah.Kab,APK.SMA,Jumlah.Umur.15.19,Jumlah.Murid.SMA.SMK,APK.SMP,Jumlah.Umur.10.14,Jumlah.Murid.SMP,Jumlah.Mahasiswa.PSDKU,Jumlah.Perguruan.Tinggi,Jumlah.Mahasiswa,Banyak.Orang.yg.akan.Kuliah,Rasio.kab,Sisa.kab,Rasio.Nyata,JumlahCalonMahasiswa.Kab,Peluang.mahasiswa.PSDKU,Cluster.kab,Classification.kab
Aceh,Aceh Barat,96.21865539,4.471836756,198736,"Rp66.280.000,00",95.3,11089,10568,105.55,11937,12600,427,13,12663,10071,0.8,-2592,1.2,-3019,1.165,0,Tidak Potensial
Aceh,Aceh Barat Daya,96.87676594,3.846396554,150775,"Rp31.630.000,00",92.73,7136,6617,103.67,7164,7164,0,2,921,6136,6.66,5215,0.14,5215,1,0,Potensial
Aceh,Aceh Besar,95.51014714,5.412082974,405535,"Rp40.200.000,00",95.88,17197,16488,106.24,23621,25095,0,1,5685,15809,2.78,10124,0.34,10124,1,0,Potensial
Aceh,Aceh Jaya,95.69339067,4.88472196,93159,"Rp34.550.000,00",106.1,4114,4365,112.31,5264,5264,0,2,91,4631,50.89,4540,0.02,4540,1,3,Potensial
Aceh,Aceh Selatan,97.30367324,3.338715749,232414,"Rp29.370.000,00",100.08,12396,12406,97.95,12265,12014,257,5,765,12416,16.23,11651,0.06,11394,0.978,0,Potensial
Aceh,Aceh Singkil,97.9586505,2.430605221,126514,"Rp24.030.000,00",107.79,7174,7733,107.28,7263,7792,0,3,1249,8335,6.67,7086,0.16,7086,1,0,Potensial
Aceh,Aceh Tamiang,97.9683898,4.197881195,294356,"Rp35.150.000,00",93.7,15859,14860,99.09,17248,17091,0,5,897,13924,15.52,13027,0.06,13027,1,0,Potensial
Aceh,Aceh Tengah,96.83092174,4.493759054,215576,"Rp43.970.000,00",92.57,10179,9423,108.31,10480,11351,108,8,5778,8723,1.51,2945,0.61,2837,0.963,0,Potensial
Aceh,Aceh Tenggara,97.75695253,3.329582853,220860,"Rp27.100.000,00",106.06,13754,14587,100.9,14324,14453,115,13,5968,15471,2.59,9503,0.41,9388,0.988,0,Potensial
Aceh,Aceh Timur,97.5399319,4.592990065,422401,"Rp31.500.000,00",75.26,23283,17524,103.38,23694,24494,0,5,1015,13189,12.99,12174,0.06,12174,1,0,Potensial
Aceh,Aceh Utara,97.14509129,5.038708443,602793,"Rp45.560.000,00",77.05,39790,30660,99.4,37589,37589,422,9,22221,23624,1.06,1403,0.72,981,0.699,0,Potensial
Sumatera Barat,Agam,100.133032,-0.232578966,540905,"Rp47.405.310,00",84.78,47742,17018,95.03,43854,14061,0,5,12068,14428,1.2,2360,0.71,2360,1,0,Potensial
Nusa Tenggara Timur,Alor,124.5475672,-8.331788968,221536,"Rp16.411.000,00",65.54,17186,9817,97.07,20084,11549,0,2,0,6434,0,6434,0,6434,1,0,Tidak Potensial
Maluku,Ambon,128.1754764,-3.642341372,362639,"Rp51.642.591,84",110.66,27216,8412,109.54,25553,15706,0,0,56142,9309,0.17,-46833,6.67,-46833,1,0,Tidak Potensial
Sumatera Utara,Asahan,99.52911544,2.809796469,802563,"Rp63.897.816,21",73.45,67891,28227,83.93,69215,25036,55,14,10343,20733,2,10390,0.37,10335,0.995,0,Potensial
Bali,Badung,115.2017735,-8.515567693,549527,"Rp121.416.000,00",98.12,42320,26675,94.71,39268,27812,0,13,0,26174,0,26174,0,26174,1,0,Tidak Potensial
Kalimantan Selatan,Balangan,115.6526372,-2.298882759,134512,"Rp934.976.893,30",95,11019,3366,86.12,11851,5564,0,1,0,3198,0,3198,0,3198,1,0,Tidak Potensial
Kalimantan Timur,Balikpapan,116.8673405,-1.249765923,703611,"Rp201.640.000,00",98.55,56277,29145,89.16,55525,19857,39,0,0,28722,0,28722,0,28683,0.999,0,Tidak Potensial
Lampung,Bandar Lampung,105.2645327,-5.385583544,1214330,"Rp61.646.675,00",116,94416,49821,97.42,55757,54317,0,0,0,57792,0,57792,0,57792,1,0,Tidak Potensial
Jawa Barat,Bandung,107.5910687,-7.119230768,3831505,"Rp41.372.000,00",65.05,324545,115327,97.05,330922,133044,0,72,29929,75020,2.51,45091,0.26,45091,1,0,Potensial
Jawa Barat,Bandung Barat,107.4321585,-6.894243859,1714982,"Rp30.622.000,00",64.63,160068,60687,93.97,151513,60738,0,21,3234,39222,12.13,35988,0.05,35988,1,0,Potensial
Sulawesi Tengah,Banggai,122.4473363,-0.9979332,370971,"Rp340.302.225,70",119.56,17227,20596,107.09,19556,20942,198,6,0,24625,0,24625,0,24427,0.992,0,Tidak Potensial
Sulawesi Tengah,Banggai Kepulauan,123.0114442,-1.321500113,123576,"Rp11.951.550,71",114.23,6430,7345,108.15,6995,7565,0,1,0,8390,0,8390,0,8390,1,0,Tidak Potensial
Sulawesi Tengah,Banggai Laut,123.550406,-1.664482289,71345,"Rp39.803.506,78",87.61,5196,4552,104.58,4409,4611,0,0,0,3988,0,3988,0,3988,1,0,Tidak Potensial
Kepulauan Bangka Belitung,Bangka,105.9084681,-1.909037258,334344,"Rp53.713.620,61",111.76,28600,12162,100.58,17690,17793,0,11,0,13592,0,13592,0,13592,1,0,Tidak Potensial
Kepulauan Bangka Belitung,Bangka Barat,105.5047038,-1.851254918,209413,"Rp80.040.129,22",85.9,10117,8690,93.56,10812,10116,0,0,0,7465,0,7465,0,7465,1,0,Tidak Potensial
Kepulauan Bangka Belitung,Bangka Selatan,106.2476505,-2.754834381,202263,"Rp52.866.728,32",83.13,10028,8336,85.67,11671,9998,0,0,0,6930,0,6930,0,6930,1,0,Tidak Potensial
Kepulauan Bangka Belitung,Bangka Tengah,106.114287,-2.295457446,205510,"Rp51.204.885,80",88.51,18610,7051,95.82,10849,10395,0,1,0,6241,0,6241,0,6241,1,0,Tidak Potensial
Jawa Timur,Bangkalan,112.9414552,-7.050968279,1101556,"Rp25.408.100,00",61.76,90726,31646,94.5,88199,35561,0,14,21760,19545,0.9,-2215,0.69,-2215,1,0,Tidak Potensial
Bali,Bangli,115.3471487,-8.283268621,267133,"Rp30.256.000,00",83.03,20498,9641,110.31,19053,16764,0,4,0,8005,0,8005,0,8005,1,0,Tidak Potensial
Kalimantan Selatan,Banjar,115.0901953,-3.347647853,579910,"Rp313.486.940,40",77.16,45290,12865,81.47,47813,23584,0,1,5219,9927,1.9,4708,0.41,4708,1,0,Potensial
Jawa Tengah,Banjarnegara,109.6792952,-7.310888435,1047226,"Rp25.960.000,00",68.95,77419,26006,93.42,77615,30158,0,6,950,17931,18.87,16981,0.04,16981,1,0,Potensial
Sulawesi Selatan,Bantaeng,119.9790638,-5.45782045,196716,"Rp62.780.000,00",91.36,17590,6262,109.4,10971,12002,0,1,0,5721,0,5721,0,5721,1,0,Tidak Potensial
DI Yogyakarta,Bantul,110.3599846,-7.883874614,1013170,"Rp33.693.000,00",88.95,71701,33733,100.67,70808,32295,0,2,74932,30006,0.4,-44926,2.22,-44926,1,0,Tidak Potensial
Sumatera Selatan,Banyuasin,104.8204104,-2.699875874,874210,"Rp42.826.680,00",68.96,72443,23718,87.53,75153,42455,0,2,0,16356,0,16356,0,16356,1,0,Tidak Potensial
Jawa Tengah,Banyumas,109.1492442,-7.433091838,1828573,"Rp37.600.000,00",107.57,134225,67771,81.22,134078,66847,1711,1,61424,72901,1.19,11477,0.91,9766,0.851,0,Potensial
Jawa Timur,Banyuwangi,114.3712991,-8.222189739,1744814,"Rp58.085.900,00",81.78,127303,56442,85.23,123344,51916,0,25,22690,46158,2.03,23468,0.4,23468,1,0,Potensial
Kalimantan Selatan,Barito Kuala,114.6527614,-3.063189275,321769,"Rp289.463.439,00",86.48,25705,7461,89.62,27682,14691,0,1,352,6452,18.33,6100,0.05,6100,1,0,Potensial
Kalimantan Tengah,Barito Selatan,114.8442032,-1.821152783,131997,"Rp63.000.000,00",78.26,9209,7207,101.54,7201,7312,0,2,431,5640,13.09,5209,0.06,5209,1,0,Potensial
Kalimantan Tengah,Barito Timur,115.152471,-1.987244174,115406,"Rp93.000.000,00",77.17,7467,5762,100.7,6031,6073,0,1,0,4447,0,4447,0,4447,1,0,Tidak Potensial
Kalimantan Tengah,Barito Utara,115.0967351,-0.845268341,160235,"Rp88.300.000,00",79.22,14962,5708,102.49,7656,7847,0,3,481,4522,9.4,4041,0.08,4041,1,0,Potensial
Sulawesi Selatan,Barru,119.6633272,-4.364960227,184452,"Rp50.160.000,00",85.67,14800,6504,109.97,10517,11566,0,7,1558,5572,3.58,4014,0.24,4014,1,0,Potensial
Kepulauan Riau,Batam,104.0307181,1.040331018,1269413,"Rp171.968.250,00",98.43,41233,52798,99.47,62578,62248,470,0,0,51969,0,51969,0,51499,0.991,0,Tidak Potensial
Jawa Tengah,Batang,109.8564926,-7.034698508,828883,"Rp33.640.000,00",71.24,61162,20542,95.2,59551,23405,308,1,0,14634,0,14634,0,14326,0.979,0,Tidak Potensial
Jambi,Batang Hari,103.031901,-1.740442957,312700,"Rp61.329.350,00",86.07,28351,10074,101.11,17516,17710,0,1,3907,8671,2.22,4764,0.39,4764,1,0,Potensial
Sumatera Utara,Batu Bara,99.46108099,3.259937098,430533,"Rp101.676.286,62",74.69,31866,15901,80.98,33031,15597,0,0,0,11876,0,11876,0,11876,1,0,Tidak Potensial
Jawa Barat,Bekasi,106.9742213,-6.269936026,3899017,"Rp121.647.000,00",93.13,236568,128725,88.52,258116,122499,0,18,28409,119882,4.22,91473,0.22,91473,1,0,Potensial
Kepulauan Bangka Belitung,Belitung,107.7061895,-2.778876788,186331,"Rp66.131.635,96",95.76,8349,7995,100.66,8639,8696,140,4,0,7656,0,7656,0,7516,0.982,0,Tidak Potensial
Kepulauan Bangka Belitung,Belitung Timur,108.1066488,-2.899709232,130463,"Rp74.999.089,55",71.96,10930,4653,97.94,5812,5692,0,0,0,3348,0,3348,0,3348,1,0,Tidak Potensial
Nusa Tenggara Timur,Belu,124.9401983,-9.128262559,231008,"Rp23.724.000,00",70.96,21000,13363,83.64,20990,11627,0,3,0,9482,0,9482,0,9482,1,0,Tidak Potensial
Aceh,Bener Meriah,96.99228938,4.784295138,161342,"Rp35.550.000,00",97.38,6214,6051,103.1,8088,5219,0,2,574,5892,10.27,5318,0.09,5318,1,0,Potensial
Riau,Bengkalis,101.6005663,1.320746707,584916,"Rp288.307.800,00",79.38,42048,27825,97.03,47226,27583,0,1,3427,22087,6.45,18660,0.12,18660,1,0,Potensial
Kalimantan Barat,Bengkayang,109.7475045,0.989903798,298979,"Rp37.303.790,50",81.67,26741,10980,85.1,26387,14051,0,5,0,8967,0,8967,0,8967,1,0,Tidak Potensial
Bengkulu,Bengkulu Selatan,103.056694,-4.338328839,170093,"Rp41.998.000,00",99.57,14343,8259,109.15,9061,9890,0,3,410,8223,20.06,7813,0.05,7813,1,0,Potensial
Bengkulu,Bengkulu Tengah,102.4235397,-3.6325096,119814,"Rp55.021.000,00",93.87,10251,4233,107.12,6984,7481,0,0,0,3974,0,3974,0,3974,1,0,Tidak Potensial
Bengkulu,Bengkulu Utara,102.0021752,-3.275755698,302833,"Rp40.731.000,00",77.1,23941,10926,108.96,14074,15335,0,2,0,8424,0,8424,0,8424,1,0,Tidak Potensial
Kalimantan Timur,Berau,117.4446261,1.898066127,258537,"Rp198.530.000,00",93.96,21458,10652,87.39,21357,9840,0,6,0,10009,0,10009,0,10009,1,0,Tidak Potensial
Papua,Biak Numfor,135.9196022,-1.01801158,135796,"Rp43.342.696,78",88.86,10675,9486,102.35,9836,10067,617,6,5565,8429,1.51,2864,0.59,2247,0.785,0,Potensial
Nusa Tenggara Barat,Bima,118.6217149,-8.640337622,535530,"Rp24.122.000,00",113.23,49454,23198,103.85,50691,19435,292,6,0,26267,0,26267,0,25975,0.989,0,Tidak Potensial
Sumatera Utara,Binjai,98.49913759,3.626774995,303272,"Rp47.678.594,53",92.47,22431,18747,86.84,23851,14410,0,0,2766,17335,6.27,14569,0.15,14569,1,0,Potensial
Kepulauan Riau,Bintan,104.5097446,1.095112164,165781,"Rp151.204.600,00",93.47,14286,6450,97.6,10199,9954,0,2,0,6029,0,6029,0,6029,1,0,Tidak Potensial
Aceh,Bireuen,96.70506032,5.213023528,436418,"Rp37.570.000,00",96.71,24701,23889,108.04,26036,28129,0,12,13760,23103,1.68,9343,0.58,9343,1,0,Potensial
Jawa Timur,Blitar,112.1673143,-8.09448338,1249497,"Rp35.811.700,00",78.19,88477,25014,89.75,88234,33060,0,4,481,19558,40.66,19077,0.02,19077,1,3,Potensial
Jawa Tengah,Blora,111.4213423,-6.965070406,901621,"Rp35.220.000,00",85.16,66549,30047,99.32,62238,27993,407,11,814,25588,31.43,24774,0.03,24367,0.984,3,Potensial
Gorontalo,Boalemo,122.2801437,0.673288667,148526,"Rp43.522.980,00",95.71,7976,7634,105.27,7552,7590,0,1,0,7307,0,7307,0,7307,1,0,Tidak Potensial
Jawa Barat,Bogor,106.6244814,-6.517968373,6088233,"Rp51.378.000,00",66.54,473600,216867,97.78,454053,219693,863,26,49867,144303,2.89,94436,0.23,93573,0.991,0,Potensial
Jawa Timur,Bojonegoro,111.7767299,-7.25087819,1322474,"Rp73.901.400,00",81.35,87710,40307,99.83,88060,32285,0,19,11120,32790,2.95,21670,0.28,21670,1,0,Potensial
Sulawesi Utara,Bolaang Mongondow,123.9967932,0.709972965,252648,"Rp41.311.925,33",72.28,20143,6790,89.26,21918,8758,0,0,0,4908,0,4908,0,4908,1,0,Tidak Potensial
Sulawesi Utara,Bolaang Mongondow Selatan,123.8744682,0.402247592,71481,"Rp37.824.776,33",75.57,6204,2535,93.4,6926,2660,0,0,0,1916,0,1916,0,1916,1,0,Tidak Potensial
Sulawesi Utara,Bolaang Mongondow Timur,124.4834833,0.701886516,92299,"Rp41.772.075,35",97.14,7289,2651,83.71,7620,2446,0,0,0,2575,0,2575,0,2575,1,0,Tidak Potensial
Sulawesi Utara,Bolaang Mongondow Utara,123.4627492,0.734490315,84543,"Rp37.890.983,79",95.19,7289,3290,85.21,7569,2733,0,0,0,3132,0,3132,0,3132,1,0,Tidak Potensial
Sulawesi Tenggara,Bombana,121.8458117,-4.711024563,158110,"Rp54.120.000,00",79.45,12339,6851,80.65,133775,6604,0,2,124,5443,43.9,5319,0.02,5319,1,3,Potensial
Jawa Timur,Bondowoso,113.9578972,-7.938354334,784192,"Rp31.432.100,00",69.94,56531,19213,96.47,52001,16438,0,11,3556,13438,3.78,9882,0.19,9882,1,0,Potensial
Sulawesi Selatan,Bone,120.1772221,-4.700930925,801775,"Rp57.020.000,00",93.39,40813,38114,104,39340,40913,5,22,17229,35595,2.07,18366,0.45,18361,1,0,Potensial
Gorontalo,Bone Bolango,123.2847199,0.535626625,166200,"Rp33.809.440,00",102.36,8333,8530,109.65,8229,9016,0,1,0,8731,0,8731,0,8731,1,0,Tidak Potensial
Kalimantan Timur,Bontang,117.479723,0.129203292,183161,"Rp366.460.000,00",81.14,16230,8520,76.01,14983,4362,0,0,0,6913,0,6913,0,6913,1,0,Tidak Potensial
Jawa Tengah,Boyolali,110.6368156,-7.519176294,1090129,"Rp39.200.000,00",79.22,80076,36430,111.7,80325,33894,0,4,1676,28860,17.22,27184,0.05,27184,1,0,Potensial
Jawa Tengah,Brebes,108.8929849,-7.079159036,2043077,"Rp28.190.000,00",73.36,155314,59268,93.65,151010,56062,0,14,5469,43479,7.95,38010,0.09,38010,1,0,Potensial
Bali,Buleleng,114.9991674,-8.221932314,825141,"Rp47.413.000,00",98.24,66867,30877,100.51,62854,33672,0,12,0,30334,0,30334,0,30334,1,0,Tidak Potensial
Sulawesi Selatan,Bulukumba,120.2363978,-5.399273186,437607,"Rp41.900.000,00",100.23,21942,21993,108.21,21120,22855,0,9,4906,22044,4.49,17138,0.22,17138,1,0,Potensial
Kalimantan Utara,Bulungan,117.008076,2.871405225,157593,"Rp161.830.000,00",100.38,14382,6164,96.73,13450,7511,0,2,1041,6187,5.94,5146,0.17,5146,1,0,Potensial
Jambi,Bungo,101.889175,-1.640134,376400,"Rp54.884.090,00",67.47,31293,12060,97.82,19613,19185,48,10,7671,8137,1.06,466,0.64,418,0.897,0,Potensial
Sulawesi Tengah,Buol,121.36867,1.04656,148246,"Rp46.213.102,57",116.69,7784,9083,106.99,9047,9679,0,2,0,10599,0,10599,0,10599,1,0,Tidak Potensial
Maluku,Buru,126.68413,-3.32767,142304,"Rp21.195.705,10",106.76,12842,6703,101.97,12064,6907,0,1,2633,7156,2.72,4523,0.39,4523,1,0,Potensial
Maluku,Buru Selatan,126.59271,-3.52187,80842,"Rp22.228.804,61",69.85,7870,3968,107.74,8106,4112,0,0,0,2772,0,2772,0,2772,1,0,Tidak Potensial
Sulawesi Tenggara,Buton,122.93333,-5.31667,120210,"Rp42.110.000,00",97.09,11683,6474,80.08,11855,6184,125,2,0,6286,0,6286,0,6161,0.98,0,Tidak Potensial
Sulawesi Tenggara,Buton Selatan,122.7,-5.56667,99580,"Rp36.080.000,00",69.74,10124,4574,92.25,9645,5195,0,0,0,3190,0,3190,0,3190,1,0,Tidak Potensial
Sulawesi Tenggara,Buton Tengah,122.45,-5.26667,119460,"Rp25.330.000,00",94.94,11933,5882,104.8,12486,5601,0,0,0,5584,0,5584,0,5584,1,0,Tidak Potensial
Sulawesi Tenggara,Buton Utara,122.93015,-5.01457,68950,"Rp58.720.000,00",69.85,6262,3748,99.67,6682,3834,0,0,0,2618,0,2618,0,2618,1,0,Tidak Potensial
Jawa Barat,Ciamis,108.41667,-7.28333,1201685,"Rp31.834.000,00",113.03,98661,37482,105.76,92330,36965,0,41,12995,42366,3.26,29371,0.35,29371,1,0,Potensial
Jawa Barat,Cianjur,107.13944,-6.82222,2264328,"Rp22.826.000,00",62.88,214240,92089,97.8,210008,97327,0,54,6292,57906,9.2,51614,0.07,51614,1,0,Potensial
Jawa Tengah,Cilacap,109.16667,-7.58333,2007829,"Rp65.950.000,00",91.4,148924,60879,91.97,149589,64906,0,2,7802,55643,7.13,47841,0.13,47841,1,0,Potensial
Jawa Barat,Cirebon,108.5596,-6.7111,2209633,"Rp25.974.000,00",83.13,181186,76642,93.52,170521,80052,1022,22,13389,63712,4.76,50323,0.17,49301,0.98,0,Potensial
Sumatera Utara,Dairi,98.26667,2.85,324747,"Rp35.877.624,16",104.15,31088,18108,101.06,31803,19799,105,4,0,18859,0,18859,0,18754,0.994,0,Tidak Potensial
Sumatera Utara,Deli Serdang,98.7,3.43333,2018164,"Rp68.922.896,22",103.87,156917,80250,94.34,168914,80834,0,4,36179,83356,2.3,47177,0.45,47177,1,0,Potensial
Jawa Tengah,Demak,110.6122,-6.8993,1240510,"Rp26.620.000,00",96.72,95353,32427,92.51,93735,26729,119,3,789,31363,39.75,30574,0.02,30455,0.996,3,Potensial
Sumatera Barat,Dharmasraya,101.58645,-1.2506,234713,"Rp55.626.380,00",72.93,19427,8700,98.5,20503,8655,0,0,1862,6345,3.41,4483,0.21,4483,1,0,Potensial
Nusa Tenggara Barat,Dompu,118.4816,-8.5094,247188,"Rp32.638.000,00",123.43,18610,13966,109.5,23250,11940,0,4,0,17238,0,17238,0,17238,1,0,Tidak Potensial
Sulawesi Tengah,Donggala,119.85,-0.33333,305890,"Rp45.279.178,59",95.74,16195,15505,103.19,18609,19203,0,0,0,14844,0,14844,0,14844,1,0,Tidak Potensial
Sumatera Selatan,Empat Lawang,102.94511,-3.71629,342178,"Rp18.419.940,00",88.45,31888,9616,91.2,30775,11761,0,0,0,8505,0,8505,0,8505,1,0,Tidak Potensial
Nusa Tenggara Timur,Ende,121.5,-8.5,278581,"Rp26.471.000,00",94.58,22942,14124,87.71,23632,16791,708,6,0,13358,0,13358,0,12650,0.947,0,Tidak Potensial
Sulawesi Selatan,Enrekang,119.86667,-3.5,225172,"Rp41.150.000,00",79.28,25367,10438,98.13,14154,13889,0,4,1416,8275,5.84,6859,0.14,6859,1,0,Potensial
Papua Barat,Fakfak,134.5,-4,86283,"Rp64.792.775,90",118.69,8402,3996,84.53,8020,4155,0,0,0,4743,0,4743,0,4743,1,0,Tidak Potensial
Nusa Tenggara Timur,Flores Timur,122.96817,-8.24224,288310,"Rp21.026.000,00",84.05,24260,11775,85.61,23293,16791,0,3,0,9897,0,9897,0,9897,1,0,Tidak Potensial
Jawa Barat,Garut,107.8866962,-7.2037373,2636637,"Rp26.914.000,00",69.52,248610,107369,99.6,232213,103373,271,10,16415,74643,4.55,58228,0.15,57957,0.995,0,Potensial
Aceh,Gayo Lues,97.39,3.95,99532,"Rp31.810.000,00",109.59,3693,4047,101.95,5230,5332,523,2,352,4435,12.6,4083,0.09,3560,0.872,0,Potensial
Bali,Gianyar,115.28333,-8.48333,523972,"Rp58.259.000,00",96.48,39160,23481,101.3,35182,22906,0,3,0,22654,0,22654,0,22654,1,0,Tidak Potensial
Gorontalo,Gorontalo,122.71591,0.70212,398801,"Rp39.691.300,00",92.57,20275,18768,103.52,21366,22119,0,3,0,17374,0,17374,0,17374,1,0,Tidak Potensial
Gorontalo,Gorontalo Utara,123.04891,0.86508,128563,"Rp31.709.670,00",92.98,7431,6909,107.81,6725,7250,0,3,0,6424,0,6424,0,6424,1,0,Tidak Potensial
Sulawesi Selatan,Gowa,119.71667,-5.31667,765836,"Rp35.520.000,00",91.16,38769,35342,103.11,38925,40135,0,10,34282,32218,0.94,-2064,0.97,-2064,1,0,Tidak Potensial
Jawa Timur,Gresik,112.655472,-7.156576,1344648,"Rp130.386.300,00",105.99,101528,41572,90.18,102414,34175,0,1,17815,44062,2.47,26247,0.43,26247,1,0,Potensial
Jawa Tengah,Grobogan,110.91667,-7.13333,1492891,"Rp23.280.000,00",91.02,110170,42774,88.21,108585,41321,0,7,804,38933,48.42,38129,0.02,38129,1,3,Potensial
Kalimantan Tengah,Gunung Mas,113.56667,-1.03333,142309,"Rp60.300.000,00",86,13812,4669,101.42,6740,6836,0,0,0,4015,0,4015,0,4015,1,0,Tidak Potensial
DI Yogyakarta,Gunungkidul,110.6125,-7.99444,770883,"Rp33.257.000,00",72.85,51385,25981,92.83,48644,24492,0,0,957,18927,19.78,17970,0.04,17970,1,0,Potensial
Sumatera Utara,Gunungsitoli,97.55018,1.32731,142890,"Rp48.460.152,98",87.13,13425,10039,95.16,13669,9017,90,0,4385,8747,1.99,4362,0.44,4272,0.979,0,Potensial
Maluku Utara,Halmahera Barat,127.55264,1.41709,137543,"Rp19.507.000,00",108.79,12527,5800,102.79,11406,5683,0,1,0,6310,0,6310,0,6310,1,0,Tidak Potensial
Maluku Utara,Halmahera Selatan,127.90833,-0.3955,255384,"Rp67.984.000,00",116.04,26950,11579,107.59,25174,11741,0,5,0,13436,0,13436,0,13436,1,0,Tidak Potensial
Maluku Utara,Halmahera Tengah,128.25,0.48056,96977,"Rp468.872.000,00",97.35,4989,3222,106.2,5379,3044,0,0,0,3137,0,3137,0,3137,1,0,Tidak Potensial
Maluku Utara,Halmahera Timur,128.277206,0.689218,97895,"Rp54.276.000,00",112.07,8490,3906,105.55,8584,4315,0,0,0,4377,0,4377,0,4377,1,0,Tidak Potensial
Maluku Utara,Halmahera Utara,128.00778,1.73194,203213,"Rp32.861.000,00",103.86,18270,10913,107.6,19494,9666,0,7,0,11334,0,11334,0,11334,1,0,Tidak Potensial
Kalimantan Selatan,Hulu Sungai Selatan,115.2166,-2.76667,232212,"Rp309.867.368,20",79.77,18654,5034,87.79,19577,8962,0,1,1657,4016,2.42,2359,0.33,2359,1,0,Potensial
Kalimantan Selatan,Hulu Sungai Tengah,115.51667,-2.6,263061,"Rp283.556.915,70",89,21921,6072,74.71,21591,11176,0,3,543,5404,9.95,4861,0.09,4861,1,0,Potensial
Kalimantan Selatan,Hulu Sungai Utara,115.16667,2.43333,231290,"Rp229.577.723,30",78.11,19433,4410,85.86,19852,10501,0,2,5211,3445,0.66,-1766,1.18,-1766,1,0,Tidak Potensial
Sumatera Utara,Humbang Hasundutan,98.50376,2.26551,204700,"Rp37.396.437,46",115.85,21053,13245,96.68,21868,14597,0,0,139,15344,110.39,15205,0.01,15205,1,4,Potensial
Riau,Indragiri Hilir,103.12167,-0.22056,677290,"Rp129.259.800,00",65.1,55669,18890,101.92,58148,18156,0,6,3162,12297,3.89,9135,0.17,9135,1,0,Potensial
Riau,Indragiri Hulu,102.33333,-0.53333,462220,"Rp122.197.200,00",87.05,41240,17540,85.18,42571,19749,158,12,2620,15269,5.83,12649,0.15,12491,0.988,0,Potensial
Jawa Barat,Indramayu,108.16667,-6.45,1737624,"Rp54.669.000,00",73.77,147321,69293,86.4,140319,60645,0,11,13055,51117,3.92,38062,0.19,38062,1,0,Potensial
DKI Jakarta,Jakarta Barat,106.75,-6.16667,2470054,"Rp367.807.509,11",73.81,189349,46582,88.07,185976,74639,0,0,154774,34382,0.22,-120392,3.32,-120392,1,0,Tidak Potensial
DKI Jakarta,Jakarta Pusat,106.83333,-6.18333,1049314,"Rp754.579.385,31",73.31,84003,43393,90.01,76829,38915,2914,0,146451,31811,0.22,-114640,3.37,-117554,1.025,0,Tidak Potensial
DKI Jakarta,Jakarta Selatan,106.80833,-6.26667,2235606,"Rp326.830.385,16",76.28,174995,46519,94.14,166935,75305,174,0,257049,35485,0.14,-221564,5.53,-221738,1.001,0,Tidak Potensial
DKI Jakarta,Jakarta Timur,106.8875,-6.25,3079618,"Rp178.364.021,87",83.12,245475,118475,91.74,237224,103714,0,0,136933,98476,0.72,-38457,1.16,-38457,1,0,Tidak Potensial
DKI Jakarta,Jakarta Utara,106.90417,-6.13611,1808985,"Rp324.856.004,89",72.71,138576,54528,84.82,137349,55613,0,0,20602,39647,1.92,19045,0.38,19045,1,0,Potensial
Papua,Jayapura,139.98333,-2.98333,171331,"Rp106.313.271,00",88.68,11259,9984,94.83,10495,9952,0,13,4485,8854,1.97,4369,0.45,4369,1,0,Potensial
Jawa Timur,Jember,113.66667,-8.23333,2584771,"Rp36.836.800,00",96.37,194224,71086,96.85,185587,70270,0,41,90672,68506,0.76,-22166,1.28,-22166,1,0,Tidak Potensial
Bali,Jembrana,114.68333,-8.31667,327854,"Rp48.269.000,00",85.67,24820,12620,106.05,23382,16764,424,7,0,10812,0,10812,0,10388,0.961,0,Tidak Potensial
Sulawesi Selatan,Jeneponto,119.71667,-5.63333,401610,"Rp29.320.000,00",86.89,23323,20265,109.54,20597,22562,0,7,4064,17608,4.33,13544,0.2,13544,1,0,Potensial
Jawa Tengah,Jepara,110.78333,-6.6,1221086,"Rp31.140.000,00",90.74,92868,34291,89.48,91701,30499,0,9,8525,31116,3.65,22591,0.25,22591,1,0,Potensial
Jawa Timur,Jombang,112.23307,-7.54595,1345886,"Rp36.990.700,00",94.37,102102,48122,103.07,100998,42148,0,23,24979,45413,1.82,20434,0.52,20434,1,0,Potensial
Papua Barat,Kaimana,133.77451,-3.66093,63633,"Rp43.070.596,50",87.1,6770,2953,79.67,6440,3623,0,1,0,2572,0,2572,0,2572,1,0,Tidak Potensial
Riau,Kampar,101.5,0.33333,881028,"Rp121.368.440,00",81.46,72459,28959,98.73,74552,32445,0,6,5231,23590,4.51,18359,0.18,18359,1,0,Potensial
Kalimantan Tengah,Kapuas,114.3,-1.75,423210,"Rp56.400.000,00",75.21,20280,15253,99.17,19257,19098,239,4,1180,11472,9.72,10292,0.08,10053,0.977,0,Potensial
Kalimantan Barat,Kapuas Hulu,113.906062,-0.932806,262404,"Rp50.078.748,80",84.66,21818,9172,77.72,22415,11547,316,1,0,7765,0,7765,0,7449,0.959,0,Tidak Potensial
Jawa Tengah,Karanganyar,110.33333,-7.58333,955116,"Rp49.420.000,00",81.08,68864,29393,110.19,68982,31973,0,14,1497,23832,15.92,22335,0.05,22335,1,0,Potensial
Bali,Karangasem,115.6167,-8.45,511277,"Rp37.953.000,00",74.34,39803,17038,93.99,40379,20925,0,0,0,12666,0,12666,0,12666,1,0,Tidak Potensial
Jawa Barat,Karawang,107.41611,-6.24972,2370488,"Rp115.169.000,00",80.97,196419,92670,89,195672,86536,1122,18,31211,75035,2.4,43824,0.34,42702,0.974,0,Potensial
Kepulauan Riau,Karimun,103.41911,0.80764,6642874,"Rp65.299.460,00",95.2,21918,10309,95.59,14287,13657,0,3,0,9814,0,9814,0,9814,1,0,Tidak Potensial
Sumatera Utara,Karo,98.3,3.11667,420799,"Rp62.759.109,39",102.32,35397,18565,94.1,36600,20756,0,9,1398,18996,13.59,17598,0.08,17598,1,0,Potensial
Kalimantan Tengah,Katingan,113.21667,-1.68333,163989,"Rp63.500.000,00",88.99,8828,7856,100.47,9522,9567,0,1,0,6991,0,6991,0,6991,1,0,Tidak Potensial
Bengkulu,Kaur,103.36109,-4.78179,129661,"Rp34.699.000,00",113.29,6306,7144,103.22,7246,7479,0,1,49,8093,165.17,8044,0.01,8044,1,4,Potensial
Kalimantan Barat,Kayong Utara,109.954156,-1.2353861,132855,"Rp40.463.613,79",72.9,11782,5002,97.94,12172,5211,0,0,0,3646,0,3646,0,3646,1,0,Tidak Potensial
Jawa Tengah,Kebumen,109.83333,-7.66667,1397555,"Rp25.590.000,00",102.43,105445,48774,91.75,104497,43261,0,13,6309,49959,7.92,43650,0.13,43650,1,0,Potensial
Jawa Timur,Kediri,112.11667,-7.78333,1667450,"Rp30.192.700,00",83.83,124578,40604,98.72,119155,49326,1970,20,5956,34038,5.71,28082,0.15,26112,0.93,0,Potensial
Papua,Keerom,140.68333,-3.33333,62777,"Rp51.072.907,23",109.09,2958,3227,71.75,4835,3469,0,0,0,3520,0,3520,0,3520,1,0,Tidak Potensial
Jawa Tengah,Kendal,110.204,-6.932,1052826,"Rp51.630.000,00",103.84,77775,37808,84.15,76880,36173,6,14,3732,39260,10.52,35528,0.1,35522,1,0,Potensial
Bengkulu,Kepahiang,102.56424,-3.60194,153995,"Rp36.311.000,00",92.28,7794,7192,103.56,7470,7736,0,0,0,6637,0,6637,0,6637,1,0,Tidak Potensial
Kepulauan Riau,Kepulauan Anambas,105.76071,2.93966,50296,"Rp391.931.520,00",98.68,4697,1867,91.52,2913,2666,0,1,0,1842,0,1842,0,1842,1,0,Tidak Potensial
Maluku,Kepulauan Aru,134.46991,-6.17059,109159,"Rp41.319.539,71",126.14,10040,4496,104.49,10428,5528,1261,1,207,5671,27.4,5464,0.05,4203,0.769,3,Potensial
Sumatera Barat,Kepulauan Mentawai,98.89552,-1.35927,89401,"Rp64.696.410,00",68.54,8655,4447,77.61,9562,5298,86,1,0,3048,0,3048,0,2962,0.972,0,Tidak Potensial
Riau,Kepulauan Meranti,102.69539,0.97488,211791,"Rp120.914.450,00",80.26,18959,6176,103.43,16156,6198,0,4,604,4957,8.21,4353,0.1,4353,1,0,Potensial
Sulawesi Utara,Kepulauan Sangihe,125.55,3.55,140165,"Rp39.830.717,07",78.09,9498,4357,102.2,9526,5139,0,0,986,3402,3.45,2416,0.23,2416,1,0,Potensial
Sulawesi Selatan,Kepulauan Selayar,120.9626595,-7.3014876,137071,"Rp56.570.000,00",124.68,6415,7998,107.2,7832,8396,0,0,0,9972,0,9972,0,9972,1,0,Tidak Potensial
DKI Jakarta,Kepulauan Seribu,106.507198,-5.798526,28523,"Rp358.595.640,79",109.49,2652,846,82.62,2334,979,0,8,0,926,0,926,0,926,1,0,Tidak Potensial
Sulawesi Utara,Kepulauan Siau Tagulandang Biaro,125.37512,2.11728,72517,"Rp42.429.975,55",92.52,5110,2487,93.33,4880,2765,0,1,0,2301,0,2301,0,2301,1,0,Tidak Potensial
Maluku Utara,Kepulauan Sula,125.69046,-1.8646,105095,"Rp28.203.000,00",113.41,10380,4609,105.73,9812,4310,0,1,0,5227,0,5227,0,5227,1,0,Tidak Potensial
Sulawesi Utara,Kepulauan Talaud,126.78085,4.31178,95545,"Rp29.212.765,16",94.05,7035,3666,87.17,7612,4267,0,2,133,3448,25.92,3315,0.04,3315,1,3,Potensial
Maluku,Kepulauan Tanimbar,131.3043958,-7.9849042,130487,"Rp26.376.557,19",112.94,12766,6987,108.33,12542,8130,230,0,3405,7891,2.32,4486,0.49,4256,0.949,0,Potensial
Papua,Kepulauan Yapen,136.27716,-1.78773,116107,"Rp40.116.433,93",72.2,8559,6180,85.26,7653,6525,279,0,527,4462,8.47,3935,0.09,3656,0.929,0,Potensial
Jambi,Kerinci,101.5,-2.01667,255100,"Rp44.822.540,00",91.63,18410,6323,101.18,12604,12753,0,5,1085,5794,5.34,4709,0.17,4709,1,0,Potensial
Kalimantan Barat,Ketapang,110.56667,-1.58333,592521,"Rp59.490.148,06",67.48,54678,18050,92.44,50617,22389,0,6,0,12180,0,12180,0,12180,1,0,Tidak Potensial
Jawa Tengah,Klaten,110.60639,-7.70583,1284386,"Rp39.920.000,00",106.46,92202,44995,93.86,91484,46914,812,9,4120,47902,11.63,43782,0.09,42970,0.981,0,Potensial
Bali,Klungkung,115.41667,-8.55,214012,"Rp48.298.000,00",91.25,16024,10260,101.24,15263,16764,0,1,0,9362,0,9362,0,9362,1,0,Tidak Potensial
Sulawesi Tenggara,Kolaka,121.56667,-3.96667,245930,"Rp145.100.000,00",87.1,21373,9738,83.63,22790,9012,87,13,490,8482,17.31,7992,0.05,7905,0.989,0,Potensial
Sulawesi Tenggara,Kolaka Timur,121.86172,-4.01807,125770,"Rp44.730.000,00",88.7,11116,5089,81.58,10346,4152,0,0,0,4514,0,4514,0,4514,1,0,Tidak Potensial
Sulawesi Tenggara,Kolaka Utara,121.12427,-3.10452,145640,"Rp77.080.000,00",64.61,12916,4745,90.66,12374,4056,0,1,0,3066,0,3066,0,3066,1,0,Tidak Potensial
Sulawesi Tenggara,Konawe,122.08823,-3.91717,269520,"Rp67.880.000,00",85.59,24416,11087,88.51,24465,9940,0,6,0,9489,0,9489,0,9489,1,0,Tidak Potensial
Sulawesi Tenggara,Konawe Kepulauan,123.10181,-4.11656,39000,"Rp44.040.000,00",82.16,3672,1747,92.81,3475,1662,0,0,0,1435,0,1435,0,1435,1,0,Tidak Potensial
Sulawesi Tenggara,Konawe Selatan,122.44854,-4.19191,323790,"Rp50.810.000,00",78.35,28343,12264,89.3,29055,14357,0,1,358,9609,26.84,9251,0.03,9251,1,3,Potensial
Sulawesi Tenggara,Konawe Utara,121.99081,-3.41552,72250,"Rp72.800.000,00",85.82,6494,3361,89.98,6327,3361,0,0,0,2884,0,2884,0,2884,1,0,Tidak Potensial
Aceh,Kota Banda Aceh,95.3176803,5.5535597,252899,"Rp90.760.000,00",104.06,16596,17269,104.43,15731,16428,0,57,87152,17970,0.21,-69182,5.05,-69182,1,0,Tidak Potensial
Jawa Barat,Kota Bandung,107.60981,-6.914744,2510103,"Rp140.144.000,00",93.5,196830,116019,88.44,188079,96746,4771,64,280900,108478,0.39,-172422,2.42,-177193,1.028,0,Tidak Potensial
Jawa Barat,Kota Banjar,108.558189,-7.374585,183299,"Rp25.284.000,00",86.56,16688,11316,90.85,15244,7831,0,31,1551,9795,6.32,8244,0.14,8244,1,0,Potensial
Kalimantan Selatan,Kota Banjarbaru,114.81162,-3.48304,265575,"Rp386.587.981,60",94.41,19848,10421,86.58,21508,14906,0,13,3492,9838,2.82,6346,0.34,6346,1,0,Potensial
Kalimantan Selatan,Kota Banjarmasin,114.5896233,-3.316819,667489,"Rp522.346.599,80",71.8,52546,25623,88.38,56162,29457,0,39,92426,18397,0.2,-74029,3.61,-74029,1,0,Tidak Potensial
Jawa Timur,Kota Batu,112.523903,-7.8671,218802,"Rp93.209.300,00",118.7,15598,9335,96.38,15229,8548,0,8,31,11081,357.44,11050,0,11050,1,2,Potensial
Sulawesi Tenggara,Kota Baubau,122.6010212,-5.4555144,166150,"Rp69.350.000,00",91.3,14960,10032,85.04,14495,8331,0,12,1707,9159,5.37,7452,0.17,7452,1,0,Potensial
Jawa Barat,Kota Bekasi,106.9937168,-6.2433079,3075690,"Rp45.281.000,00",105.12,200520,109756,91.3,202565,94311,0,14,34604,115376,3.33,80772,0.32,80772,1,0,Potensial
Bengkulu,Kota Bengkulu,102.2636024,-3.7916685,384841,"Rp78.778.000,00",125.84,20378,25643,109.74,20726,22744,0,24,11787,32269,2.74,20482,0.46,20482,1,0,Potensial
Nusa Tenggara Barat,Kota Bima,118.729831,-8.453153,161362,"Rp29.071.000,00",108.18,11972,8091,109.18,14089,7109,0,16,0,8753,0,8753,0,8753,1,0,Tidak Potensial
Sulawesi Utara,Kota Bitung,125.1361861,1.489378,229795,"Rp97.544.826,85",76.59,18866,10178,91.73,19183,8726,0,8,1879,7795,4.15,5916,0.18,5916,1,0,Potensial
Jawa Timur,Kota Blitar,112.167682,-8.1014651,153541,"Rp55.523.300,00",105.89,11617,15682,90.42,11518,8413,0,7,5092,16606,3.26,11514,0.32,11514,1,0,Potensial
Jawa Barat,Kota Bogor,106.816635,-6.595038,1126927,"Rp53.239.000,00",80.82,46365,54756,82,84881,41716,783,160,39396,44254,1.12,4858,0.72,4075,0.839,0,Potensial
Sumatera Barat,Kota Bukittinggi,100.3676087,-0.3030852,122311,"Rp89.736.810,00",98.95,9854,12066,86.77,9991,6160,257,23,5845,11939,2.04,6094,0.48,5837,0.958,0,Potensial
Banten,Kota Cilegon,106.0498893,-6.022794,45562,"Rp287.525.890,00",83.41,33643,18224,101.56,37057,14076,0,14,0,15201,0,15201,0,15201,1,0,Tidak Potensial
Jawa Barat,Kota Cimahi,107.5461839,-6.8727464,620393,"Rp68.552.000,00",101.25,48088,26728,83.03,45521,21377,0,39,41000,27062,0.66,-13938,1.53,-13938,1,0,Tidak Potensial
Jawa Barat,Kota Cirebon,108.5810553,-6.7396644,322322,"Rp84.135.000,00",87.37,28283,22993,80.67,26988,17563,1106,37,25421,20089,0.79,-5332,1.11,-6438,1.207,0,Tidak Potensial
Bali,Kota Denpasar,115.21667,-8.65,726808,"Rp80.305.000,00",88.88,56278,41157,84.34,53942,34617,0,62,0,36580,0,36580,0,36580,1,0,Tidak Potensial
Jawa Barat,Kota Depok,106.778419,-6.402905,2484186,"Rp40.817.000,00",101.06,167344,68492,86.47,172697,72406,0,24,60603,69218,1.14,8615,0.88,8615,1,0,Potensial
Riau,Kota Dumai,101.44316,1.66711,328907,"Rp149.082.520,00",103.3,11640,14058,86.69,13314,17543,0,0,3168,14522,4.58,11354,0.23,11354,1,0,Potensial
Gorontalo,Kota Gorontalo,123.0352598,0.5475428,201350,"Rp51.295.940,00",128.77,12110,15594,108.8,11738,12771,0,11,0,20080,0,20080,0,20080,1,0,Tidak Potensial
Jambi,Kota Jambi,103.607254,-1.609972,627800,"Rp52.140.000,00",114.12,49361,31987,99.23,38238,37944,0,45,20748,36504,1.76,15756,0.65,15756,1,0,Potensial
Papua,Kota Jayapura,140.7150409,-2.536156,410852,"Rp86.232.327,04",108.01,22830,14510,104.47,14472,15119,0,34,48676,15672,0.32,-33004,3.35,-33004,1,0,Tidak Potensial
Jawa Timur,Kota Kediri,112.0106492,-7.8273848,290836,"Rp541.112.500,00",106.5,25036,26902,101.21,22402,13985,375,28,45742,28651,0.63,-17091,1.7,-17466,1.022,0,Tidak Potensial
Sulawesi Tenggara,Kota Kendari,122.5149,-3.972201,364220,"Rp77.590.000,00",115.68,29702,19634,74.59,30232,15467,0,41,8328,22713,2.73,14385,0.42,14385,1,0,Potensial
Sulawesi Utara,Kota Kotamobagu,124.32678,0.68915,125405,"Rp37.576.229,97",95.3,9813,8961,87.38,9963,5063,0,0,5825,8540,1.47,2715,0.65,2715,1,0,Potensial
Nusa Tenggara Timur,Kota Kupang,123.597603,-10.178757,466632,"Rp61.030.000,00",110.83,37144,27169,94.29,32100,30998,0,41,0,30111,0,30111,0,30111,1,0,Tidak Potensial
Aceh,Kota Langsa,97.93,4.47,185971,"Rp35.190.000,00",89.91,11537,10373,105.81,10412,10951,588,12,17481,9326,0.53,-8155,1.69,-8743,1.072,0,Tidak Potensial
Aceh,Kota Lhokseumawe,97.1507,5.1801,188713,"Rp56.600.000,00",95.79,12162,11650,104.24,13298,13862,0,19,16612,11160,0.67,-5452,1.43,-5452,1,0,Tidak Potensial
Jawa Timur,Kota Madiun,111.5171143,-7.6298999,201460,"Rp86.285.000,00",98.94,15064,14100,87,13759,9038,0,22,13249,13951,1.05,702,0.94,702,1,0,Potensial
Jawa Tengah,Kota Magelang,110.2176941,-7.4797342,122150,"Rp89.910.000,00",89.46,9630,13493,106.05,8721,9583,0,5,12296,12071,0.98,-225,0.91,-225,1,0,Tidak Potensial
Jawa Timur,Kota Malang,112.634099,-7.977272,847182,"Rp107.541.800,00",104.26,61501,52289,91.97,62413,33947,2700,74,277693,54517,0.2,-223176,5.31,-225876,1.012,0,Tidak Potensial
Sulawesi Utara,Kota Manado,124.842079,1.47483,454606,"Rp105.882.486,62",87.13,33398,23356,95.37,32482,19465,9,53,58866,20350,0.35,-38516,2.52,-38525,1,0,Tidak Potensial
Nusa Tenggara Barat,Kota Mataram,116.11667,-8.58333,441147,"Rp48.770.000,00",112.65,33669,21681,108.93,36886,18257,138,42,0,24424,0,24424,0,24286,0.994,0,Tidak Potensial
Jawa Timur,Kota Mojokerto,112.439109,-7.4581074,135414,"Rp59.061.300,00",110.75,10236,10408,88,10614,8255,0,6,3311,11527,3.48,8216,0.32,8216,1,0,Potensial
Sumatera Barat,Kota Padang,100.36182,-0.95247,919145,"Rp84.528.010,00",101.77,71869,43367,86.26,72179,36566,378,83,175719,44135,0.25,-131584,4.05,-131962,1.003,0,Tidak Potensial
Sumatera Barat,Kota Padang Panjang,100.40364,-0.46953,57850,"Rp76.314.400,00",109.73,4822,5040,82.02,4876,3405,0,6,2737,5530,2.02,2793,0.54,2793,1,0,Potensial
Sulawesi Tengah,Kota Palu,119.8714135,-0.8989404,381572,"Rp76.442.220,51",104.17,30157,21923,103.71,20579,21342,0,38,0,22837,0,22837,0,22837,1,0,Tidak Potensial
Kepulauan Bangka Belitung,Kota Pangkalpinang,106.11667,-2.11667,226297,"Rp76.348.953,94",97.86,17427,10176,99.18,12127,12028,0,16,0,9958,0,9958,0,9958,1,0,Tidak Potensial
Sumatera Barat,Kota Pariaman,100.11997,-0.61898,96719,"Rp66.200.850,00",113.91,8277,8210,86.79,7683,4042,420,9,2974,9352,3.14,6378,0.36,5958,0.934,0,Potensial
Jawa Timur,Kota Pasuruan,112.9104354,-7.6425806,213450,"Rp48.057.800,00",91.94,16773,10505,89.3,16832,9164,0,7,2671,9658,3.62,6987,0.25,6987,1,0,Potensial
Sumatera Barat,Kota Payakumbuh,100.6341289,-0.2256591,143325,"Rp62.019.970,00",86.25,11848,12422,98.79,12180,8726,0,6,960,10714,11.16,9754,0.08,9754,1,0,Potensial
Jawa Tengah,Kota Pekalongan,109.6664183,-6.8903128,317524,"Rp43.290.000,00",77.4,24965,12115,80.07,24128,11412,14,8,10916,9377,0.86,-1539,0.9,-1553,1.009,0,Tidak Potensial
Kalimantan Barat,Kota Pontianak,109.333336,-0.0333333,675468,"Rp70.891.937,96",87.42,53383,32385,92.45,53560,27116,1251,46,0,28311,0,28311,0,27060,0.956,0,Tidak Potensial
Jawa Timur,Kota Probolinggo,113.2160542,-7.7547136,245174,"Rp57.885.100,00",104.5,19291,12483,96.53,18709,8502,0,2,929,13045,14.04,12116,0.07,12116,1,0,Potensial
Aceh,Kota Sabang,95.31644,5.88969,41197,"Rp40.730.000,00",98.46,1882,1853,97.5,2202,2147,0,2,377,1824,4.84,1447,0.2,1447,1,0,Potensial
Jawa Tengah,Kota Salatiga,110.48333,-7.33278,198920,"Rp84.320.000,00",119.89,14770,12751,84.62,14659,10165,0,18,18410,15287,0.83,-3123,1.44,-3123,1,0,Tidak Potensial
Sumatera Barat,Kota Sawah Lunto,100.735611,-0.596649,66413,"Rp71.213.670,00",94.35,5484,2819,105.42,5307,2323,215,0,0,2660,0,2660,0,2445,0.919,0,Tidak Potensial
Jawa Tengah,Kota Semarang,110.4131093,-7.0153554,1694743,"Rp146.870.000,00",104.23,127834,66770,91.26,124332,62784,774,98,269043,69594,0.26,-199449,4.03,-200223,1.004,0,Tidak Potensial
Banten,Kota Serang,106.1522954,-6.1425639,73487,"Rp55.040.780,00",64.88,62521,31640,98.35,63637,26289,2284,30,0,20528,0,20528,0,18244,0.889,0,Tidak Potensial
Kalimantan Barat,Kota Singkawang,109.00103,0.90734,246112,"Rp52.412.190,38",77.58,19350,10608,85.68,20193,10709,297,7,0,8230,0,8230,0,7933,0.964,0,Tidak Potensial
Sumatera Barat,Kota Solok,100.6218765,-0.7888867,75850,"Rp67.599.730,00",95.84,6397,7165,86.32,6412,4204,0,5,451,6867,15.23,6416,0.06,6416,1,0,Potensial
Aceh,Kota Subulussalam,97.93333,2.73333,90751,"Rp26.430.000,00",94.96,6593,6261,108.34,6213,6731,0,0,562,5945,10.58,5383,0.09,5383,1,0,Potensial
Jawa Barat,Kota Sukabumi,106.928726,-6.9237,330691,"Rp29.374.000,00",91.78,29750,18813,87.65,28731,14875,364,6,21175,17267,0.82,-3908,1.13,-4272,1.093,0,Tidak Potensial
Jambi,Kota Sungai Penuh,101.32175,-2.10896,99800,"Rp81.628.910,00",89.66,8319,5778,103.91,5811,6038,0,0,12353,5181,0.42,-7172,2.14,-7172,1,0,Tidak Potensial
Jawa Timur,Kota Surabaya,112.768845,-7.250445,2893698,"Rp245.684.800,00",81.8,216949,115051,91.16,223722,107397,3262,137,287528,94112,0.33,-193416,2.5,-196678,1.017,0,Tidak Potensial
Jawa Tengah,Kota Surakarta,110.83167,-7.55611,526870,"Rp114.800.000,00",81.05,40547,41687,98.37,38319,30494,98,72,93479,33787,0.36,-59692,2.24,-59790,1.002,0,Tidak Potensial
Banten,Kota Tangerang,106.6368516,-6.1705435,196397,"Rp105.915.850,00",83.06,143398,45382,93.31,151216,66722,0,57,0,37694,0,37694,0,37694,1,0,Tidak Potensial
Banten,Kota Tangerang Selatan,106.7526728,-6.3428252,139950,"Rp75.010.070,00",84.24,104378,63305,100.56,109978,58001,0,26,0,53328,0,53328,0,53328,1,0,Tidak Potensial
Jawa Barat,Kota Tasikmalaya,108.202972,-7.319563,663986,"Rp24.172.000,00",84.58,61372,33182,87.8,60171,28153,840,20,27879,28065,1.01,186,0.84,-654,-3.508,0,Potensial
Jawa Tengah,Kota Tegal,109.1030096,-6.8699192,282781,"Rp67.760.000,00",84.07,21815,14803,86.51,21651,1321,659,11,12716,12445,0.98,-271,0.86,-930,3.431,0,Tidak Potensial
Sulawesi Utara,Kota Tomohon,124.83404,1.31307,101151,"Rp52.853.279,11",94.43,7502,6133,107.88,7019,5016,0,12,6422,5791,0.9,-631,1.05,-631,1,0,Tidak Potensial
DI Yogyakarta,Kota Yogyakarta,110.36505,-7.8026429,378913,"Rp122.951.000,00",107.77,29925,33373,92.62,25286,20585,176,70,86300,35966,0.42,-50334,2.59,-50510,1.003,0,Tidak Potensial
Kalimantan Selatan,Kotabaru,116.217,-3.233,334158,"Rp804.061.514,60",63.88,30373,10439,88.12,32889,15220,0,0,1697,6668,3.93,4971,0.16,4971,1,0,Potensial
Kalimantan Tengah,Kotawaringin Barat,111.73333,-2.4,247935,"Rp102.100.000,00",102.44,12522,12827,100.37,14322,14375,0,3,2597,13140,5.06,10543,0.2,10543,1,0,Potensial
Kalimantan Tengah,Kotawaringin Timur,112.69,-1.9997,436079,"Rp78.800.000,00",98.16,19522,19163,103.38,23707,24509,0,8,2575,18810,7.31,16235,0.13,16235,1,0,Potensial
Riau,Kuantan Singingi,101.45,-0.4416,345610,"Rp137.873.820,00",82.44,297777,13106,92.87,29344,11801,0,3,2508,10805,4.31,8297,0.19,8297,1,0,Potensial
Kalimantan Barat,Kubu Raya,109.53,-0.2741,639250,"Rp59.951.190,90",100.06,51793,19978,94.88,53436,22383,0,0,0,19990,0,19990,0,19990,1,0,Tidak Potensial
Jawa Tengah,Kudus,110.87,-6.7778,874632,"Rp138.700.000,00",90.89,66140,28129,91.21,65155,23235,0,15,16827,25566,1.52,8739,0.6,8739,1,0,Potensial
DI Yogyakarta,Kulon Progo,110.16,-7.788,451342,"Rp35.768.000,00",91.12,31951,16482,89.84,30478,15519,0,0,597,15018,25.16,14421,0.04,14421,1,3,Potensial
Jawa Barat,Kuningan,108.55,-7.0042,1087105,"Rp27.081.000,00",77.93,95117,47175,80.53,93195,40066,0,26,10546,36763,3.49,26217,0.22,26217,1,0,Potensial
Nusa Tenggara Timur,Kupang,123.87,-9.8801,376837,"Rp24.301.000,00",96.22,36470,18692,91.49,32171,20442,0,6,0,17985,0,17985,0,17985,1,0,Tidak Potensial
Kalimantan Timur,Kutai Barat,115.86,-0.4849,175998,"Rp222.080.000,00",93.9,16022,7653,90.77,14646,5977,0,1,0,7186,0,7186,0,7186,1,0,Tidak Potensial
Kalimantan Timur,Kutai Kartanegara,116.76,-0.1714,738189,"Rp270.720.000,00",95.93,65476,30162,103.82,65597,22491,0,5,0,28934,0,28934,0,28934,1,0,Tidak Potensial
Kalimantan Timur,Kutai Timur,117.03,0.936,468820,"Rp369.420.000,00",104.83,42938,14321,87.97,40742,11724,0,3,0,15013,0,15013,0,15013,1,0,Tidak Potensial
Sumatera Utara,Labuhan Batu,100.07,2.2753,513826,"Rp89.062.439,09",88.69,47051,21366,92.28,46896,15961,0,14,9086,18950,2.09,9864,0.43,9864,1,0,Potensial
Sumatera Utara,Labuhan Batu Selatan,100.11,1.8708,330797,"Rp113.617.434,16",98.94,29258,11690,93.75,32100,9105,0,0,0,11566,0,11566,0,11566,1,0,Tidak Potensial
Sumatera Utara,Labuhan Batu Utara,99.78,2.4667,401863,"Rp82.791.651,05",104.7,36769,15203,85.1,37022,12014,0,0,0,15918,0,15918,0,15918,1,0,Tidak Potensial
Sumatera Selatan,Lahat,103.39,-3.8537,444949,"Rp65.825.280,00",80.97,37779,18488,100.15,37986,22059,262,5,129,14970,116.04,14841,0.01,14579,0.982,4,Potensial
Kalimantan Tengah,Lamandau,111.36,-1.7633,104387,"Rp73.600.000,00",90.4,4831,4367,103.45,4460,4614,0,1,134,3948,29.46,3814,0.03,3814,1,3,Potensial
Jawa Timur,Lamongan,112.31,-7.0807,1386941,"Rp35.725.700,00",95.71,95960,38821,88.33,90382,34574,0,19,15700,37156,2.37,21456,0.4,21456,1,0,Potensial
Lampung,Lampung Barat,104.16,-5.0624,315920,"Rp28.863.642,00",71.07,24590,10102,103.66,14531,15063,0,1,0,7179,0,7179,0,7179,1,0,Tidak Potensial
Lampung,Lampung Selatan,105.46,-5.4839,1119310,"Rp50.461.132,00",78.81,86891,37100,102.22,54974,56192,0,15,0,29239,0,29239,0,29239,1,0,Tidak Potensial
Lampung,Lampung Tengah,105.3,-4.7975,1525090,"Rp59.720.053,00",94.88,114845,39411,100.76,66275,66778,0,7,0,37393,0,37393,0,37393,1,0,Tidak Potensial
Lampung,Lampung Timur,105.65,-5.0849,1153770,"Rp46.276.311,00",87.43,49178,42995,97.97,54651,53539,0,8,0,37591,0,37591,0,37591,1,0,Tidak Potensial
Lampung,Lampung Utara,104.8,-4.781,659890,"Rp44.751.038,00",81.82,51443,23390,99.55,34572,34417,1353,14,0,19138,0,19138,0,17785,0.929,0,Tidak Potensial
Kalimantan Barat,Landak,109.74,0.5713,413588,"Rp33.086.798,84",104.05,36142,16905,80.74,34332,19250,0,7,0,17590,0,17590,0,17590,1,0,Tidak Potensial
Sumatera Utara,Langkat,98.229,3.7299,1066711,"Rp52.677.106,33",85.47,78647,41236,88.47,75871,35617,0,7,2273,35244,15.51,32971,0.06,32971,1,0,Potensial
Banten,Lebak,106.2,-6.5901,144921,"Rp24.810.660,00",58.68,126741,44041,83.97,125506,45402,555,15,0,25843,0,25843,0,25288,0.979,0,Tidak Potensial
Bengkulu,Lebong,102.2,-3.0635,107248,"Rp37.691.000,00",92.7,9146,4016,107.54,5106,5491,0,0,0,3723,0,3723,0,3723,1,0,Tidak Potensial
Nusa Tenggara Timur,Lembata,123.57,-8.3929,141391,"Rp15.123.000,00",82.4,10263,6486,101.04,12730,7380,0,0,0,5344,0,5344,0,5344,1,0,Tidak Potensial
Sumatera Barat,Lima Puluh Koto,100.56,0.0524,388375,"Rp49.452.220,00",95.89,33897,12053,85.11,32777,13012,0,0,1681,11558,6.88,9877,0.14,9877,1,0,Potensial
Kepulauan Riau,Lingga,104.58,-0.1304,102853,"Rp51.964.430,00",89.51,96666,3791,97.09,5019,4837,0,3,0,3393,0,3393,0,3393,1,0,Tidak Potensial
Nusa Tenggara Barat,Lombok Barat,115.99,-8.8007,753641,"Rp22.251.000,00",101.94,56176,21875,108.98,60909,26564,0,6,0,22299,0,22299,0,22299,1,0,Tidak Potensial
Nusa Tenggara Barat,Lombok Tengah,116.29,-8.685,1089736,"Rp18.023.000,00",108.56,79544,29220,107.43,89302,26564,0,11,0,31721,0,31721,0,31721,1,0,Tidak Potensial
Nusa Tenggara Barat,Lombok Timur,116.53,-8.4788,1391382,"Rp16.539.000,00",97.42,109638,39973,108.11,119729,39423,0,22,0,38942,0,38942,0,38942,1,0,Tidak Potensial
Nusa Tenggara Barat,Lombok Utara,116.29,-8.3454,257866,"Rp19.697.000,00",118.87,20674,7547,104.19,21856,7109,0,3,0,8971,0,8971,0,8971,1,0,Tidak Potensial
Sumatera Selatan,Lubuk Linggau,102.87,-3.2626,242976,"Rp33.886.940,00",76.31,19818,12817,90.18,20830,14783,264,0,1043,9781,9.38,8738,0.08,8474,0.97,0,Potensial
Jawa Timur,Lumajang,113.12,-8.1389,1147261,"Rp35.178.100,00",64.79,84065,24623,91.9,78788,27929,0,16,6858,15953,2.33,9095,0.28,9095,1,0,Potensial
Sulawesi Selatan,Luwu,120.21,-3.2735,365608,"Rp57.360.000,00",92.3,36199,17577,104.22,21324,22223,0,4,69,16224,235.12,16155,0,16155,1,2,Potensial
Sulawesi Selatan,Luwu Timur,121.08,-2.5046,296741,"Rp99.490.000,00",122.3,14536,17778,108.16,16320,17652,0,2,686,21742,31.69,21056,0.04,21056,1,3,Potensial
Sulawesi Selatan,Luwu Utara,120.16,-2.3434,322919,"Rp53.450.000,00",86.83,32839,12752,101.28,18110,18342,0,0,0,11073,0,11073,0,11073,1,0,Tidak Potensial
Jawa Timur,Madiun,111.65,-7.5968,765135,"Rp31.587.900,00",93.49,47769,20556,93.56,48430,17619,0,2,0,19218,0,19218,0,19218,1,0,Tidak Potensial
Jawa Tengah,Magelang,110.3,-7.4604,1330656,"Rp30.570.000,00",68.84,96581,35927,106.74,96911,38373,906,9,5651,24732,4.38,19081,0.16,18175,0.953,0,Potensial
Jawa Timur,Magetan,111.35,-7.6431,682466,"Rp33.627.200,00",101.3,43517,21130,96.01,43749,18843,0,4,878,21405,24.38,20527,0.04,20527,1,3,Potensial
Kalimantan Timur,Mahakam Ulu,114.48,1.071,33535,"Rp100.940.000,00",73.85,3132,1392,96.82,2688,1598,0,0,0,1028,0,1028,0,1028,1,0,Tidak Potensial
Jawa Barat,Majalengka,108.2648,-6.7771,1210709,"Rp31.115.000,00",74.65,105334,45363,91.2,99013,39663,0,27,9435,33863,3.59,24428,0.21,24428,1,0,Potensial
Sulawesi Barat,Majene,118.92,-3.0325,177390,"Rp24.127.636,82",83.54,16382,8731,84.57,16410,7063,0,10,0,7294,0,7294,0,7294,1,0,Tidak Potensial
Sulawesi Selatan,Makassar,119.46,-5.123,1423877,"Rp156.000.000,00",89.73,128982,64589,99.77,74259,74087,202,0,265793,57956,0.22,-207837,4.12,-208039,1.001,0,Tidak Potensial
Nusa Tenggara Timur,Malaka,124.88,-9.4965,190994,"Rp17.918.000,00",78.68,17280,10781,87.13,18995,10843,0,1,0,8482,0,8482,0,8482,1,0,Tidak Potensial
Jawa Timur,Malang,112.66,-8.1438,2703175,"Rp47.272.200,00",95.43,190525,77367,99.62,193071,87798,0,22,10518,73831,7.02,63313,0.14,63313,1,0,Potensial
Kalimantan Utara,Malinau,115.77,2.6426,85316,"Rp215.620.000,00",92.44,8198,3917,96.15,7628,4485,0,2,1090,3621,3.32,2531,0.28,2531,1,0,Potensial
Maluku,Maluku Barat Daya,126.33,-7.7593,87197,"Rp33.427.374,92",78.53,6810,4683,102.2,7627,5541,485,0,0,3678,0,3678,0,3193,0.868,0,Tidak Potensial
Maluku,Maluku Tengah,129.26,-3.1005,440848,"Rp24.679.609,03",121.56,43118,18642,110.47,37074,17688,287,11,3231,22661,7.01,19430,0.17,19143,0.985,0,Potensial
Maluku,Maluku Tenggara,132.72,-5.7417,126245,"Rp32.893.197,06",107.46,12427,5418,108.17,11429,5681,0,3,2773,5822,2.1,3049,0.51,3049,1,0,Potensial
Sulawesi Barat,Mamasa,119.31,-2.9346,166471,"Rp15.643.294,17",87.3,16768,8356,94.22,15257,8654,0,3,0,7295,0,7295,0,7295,1,0,Tidak Potensial
Papua,Mamberamo Raya,137.87,-2.4048,37616,"Rp52.541.672,67",73.45,1627,1195,58,3026,1755,0,0,0,878,0,878,0,878,1,0,Tidak Potensial
Sulawesi Barat,Mamuju,119.35,-2.4502,285616,"Rp34.268.186,25",92.59,26772,10834,84.62,26707,10503,0,16,0,10031,0,10031,0,10031,1,0,Tidak Potensial
Sulawesi Barat,Mamuju Tengah,119.51,-1.9756,140028,"Rp20.126.839,17",90.46,14649,4444,91.25,13158,4363,0,0,0,4020,0,4020,0,4020,1,0,Tidak Potensial
Sumatera Utara,Mandailing Natal,99.353,0.818,496975,"Rp36.867.694,91",73.7,43991,14739,91.99,48068,12981,0,6,219,10863,49.6,10644,0.01,10644,1,3,Potensial
Nusa Tenggara Timur,Manggarai,120.4,-8.6258,328758,"Rp16.736.000,00",94.51,30479,15428,85.87,31197,30998,0,5,0,14581,0,14581,0,14581,1,0,Tidak Potensial
Nusa Tenggara Timur,Manggarai Barat,120.05,-8.5388,270917,"Rp15.706.000,00",69.7,24273,15077,101.36,26774,16791,0,1,0,10509,0,10509,0,10509,1,0,Tidak Potensial
Nusa Tenggara Timur,Manggarai Timur,120.64,-8.5414,290790,"Rp13.541.000,00",72.16,25553,14273,104.13,28099,17220,0,0,0,10299,0,10299,0,10299,1,0,Tidak Potensial
Papua Barat,Manokwari,134.05,-0.8427,197097,"Rp52.168.968,30",96.61,17314,9411,90.94,16617,9571,0,15,0,9092,0,9092,0,9092,1,0,Tidak Potensial
Papua Barat,Manokwari Selatan,133.97,-1.5434,38648,"Rp22.961.693,00",89.57,3877,1320,101.64,2959,1705,0,0,0,1182,0,1182,0,1182,1,0,Tidak Potensial
Sulawesi Selatan,Maros,119.7004,-5.0239,391774,"Rp64.690.000,00",102.84,18318,18839,107.42,19358,20795,0,9,3109,19374,6.23,16265,0.17,16265,1,0,Potensial
Sumatera Utara,Medan,98.665,3.595,2474166,"Rp122.591.563,29",98.93,190263,123346,100.89,188141,102320,1700,0,268004,122026,0.46,-145978,2.17,-147678,1.012,0,Tidak Potensial
Kalimantan Barat,Melawi,111.68,-0.5869,239502,"Rp27.742.561,19",65.42,20511,7878,83.57,19773,9574,0,1,0,5154,0,5154,0,5154,1,0,Tidak Potensial
Kalimantan Barat,Mempawah,109.1,0.4343,312785,"Rp34.253.584,70",85.19,27205,8304,80.62,25118,8209,0,0,0,7074,0,7074,0,7074,1,0,Tidak Potensial
Jambi,Merangin,102.12,-2.1027,368400,"Rp50.283.400,00",68.66,31112,11941,97.53,22210,21662,0,8,3033,8199,2.7,5166,0.25,5166,1,0,Potensial
Lampung,Mesuji,105.38,-3.9946,241600,"Rp54.420.551,00",71.27,18030,6037,97.73,10012,9785,0,2,0,4303,0,4303,0,4303,1,0,Tidak Potensial
Lampung,Metro,105.3,-5.1174,175710,"Rp45.236.830,00",96.52,13471,17003,106.19,13047,13855,601,0,0,16411,0,16411,0,15810,0.963,0,Tidak Potensial
Sulawesi Utara,Minahasa,124.93,1.2137,350317,"Rp62.877.532,17",91.54,25337,12187,89.22,23462,11620,0,9,26662,11156,0.42,-15506,2.19,-15506,1,0,Tidak Potensial
Sulawesi Utara,Minahasa Selatan,124.44,1.0531,241680,"Rp48.048.689,93",94.23,18822,9403,74.06,18080,9082,0,2,0,8860,0,8860,0,8860,1,0,Tidak Potensial
Sulawesi Utara,Minahasa Tenggara,124.72,1.0285,118023,"Rp56.304.792,65",84.34,99585,4827,83.52,9900,4857,0,0,0,4071,0,4071,0,4071,1,0,Tidak Potensial
Sulawesi Utara,Minahasa Utara,124.97,1.6236,229368,"Rp80.975.164,45",85.16,17744,9095,82.59,17904,9019,0,6,4355,7745,1.78,3390,0.48,3390,1,0,Potensial
Jawa Timur,Mojokerto,112.48,-7.5424,1141516,"Rp91.112.000,00",92.43,81550,38112,95.38,83130,35334,0,23,11371,35227,3.1,23856,0.3,23856,1,0,Potensial
Sulawesi Tengah,Morowali,121.86,-2.8153,176244,"Rp831.797.502,30",98.22,12072,6010,109.64,7915,8678,520,0,0,5903,0,5903,0,5383,0.912,0,Tidak Potensial
Sulawesi Tengah,Morowali Utara,121.59,-1.6984,124006,"Rp164.419.340,30",75.7,7690,5821,102.06,6786,6926,0,1,0,4406,0,4406,0,4406,1,0,Tidak Potensial
Sumatera Selatan,Muara Enim,103.95,-3.6888,633779,"Rp187.001.310,00",91.34,48448,24101,94.47,52402,31982,249,9,910,22014,24.19,21104,0.04,20855,0.988,3,Potensial
Jambi,Muaro Jambi,103.7,-1.5676,418800,"Rp68.215.370,00",84.36,31918,13254,104.23,19619,20449,0,2,53774,11181,0.21,-42593,4.06,-42593,1,0,Tidak Potensial
Bengkulu,Mukomuko,101.45,-2.6403,196571,"Rp34.204.000,00",98.68,8729,8614,102.85,10658,10962,0,0,143,8500,59.44,8357,0.02,8357,1,3,Potensial
Sulawesi Tenggara,Muna,122.52,-4.8872,224690,"Rp39.230.000,00",96.87,22664,14695,87.03,23413,13001,0,9,293,14235,48.58,13942,0.02,13942,1,3,Potensial
Sulawesi Tenggara,Muna Barat,122.49,-4.7975,89290,"Rp37.930.000,00",82.68,7805,4428,99.05,7872,4772,0,1,0,3661,0,3661,0,3661,1,0,Tidak Potensial
Kalimantan Tengah,Murung Raya,114.23,0.0402,113483,"Rp106.700.000,00",98.25,7041,6918,100.25,7607,7626,0,0,0,6797,0,6797,0,6797,1,0,Tidak Potensial
Sumatera Selatan,Musi Banyuasin,103.76,-2.3805,644386,"Rp133.105.110,00",79.57,50834,25292,87.81,55721,37932,0,0,372,20125,54.1,19753,0.01,19753,1,3,Potensial
Sumatera Selatan,Musi Rawas,103.15,-3.1164,407694,"Rp57.706.400,00",81.62,32252,14079,89.39,34128,20208,0,1,0,11491,0,11491,0,11491,1,0,Tidak Potensial
Sumatera Selatan,Musi Rawas Utara,102.7,-2.7638,195962,"Rp46.269.540,00",62.41,16444,6455,106.93,16988,9131,0,1,0,4029,0,4029,0,4029,1,0,Tidak Potensial
Aceh,Nagan Raya,96.481,4.1792,168392,"Rp68.540.000,00",96.26,6516,6272,100.39,7875,7906,0,1,447,6037,13.51,5590,0.07,5590,1,0,Potensial
Nusa Tenggara Timur,Nagekeo,121.27,-8.6812,166063,"Rp16.078.000,00",71.51,14117,8009,88.92,14071,8656,0,0,0,5727,0,5727,0,5727,1,0,Tidak Potensial
Kepulauan Riau,Natuna,108.24,4.0021,85446,"Rp278.157.460,00",96.63,8228,3532,98.43,4828,4752,0,1,0,3413,0,3413,0,3413,1,0,Tidak Potensial
Nusa Tenggara Timur,Ngada,120.98,-8.6378,171736,"Rp23.955.000,00",86.7,15693,9041,91.65,14953,9635,0,2,0,7839,0,7839,0,7839,1,0,Tidak Potensial
Jawa Timur,Nganjuk,111.94,-7.5647,1124247,"Rp29.916.600,00",85.54,78260,38828,111.54,80697,34957,283,13,4999,33213,6.64,28214,0.13,27931,0.99,0,Potensial
Jawa Timur,Ngawi,111.36,-7.442,881393,"Rp27.619.300,00",93.36,58765,26665,92.81,58045,24141,32,9,3259,24894,7.64,21635,0.12,21603,0.999,0,Potensial
Sumatera Utara,Nias,97.793,1.0307,153658,"Rp31.614.346,24",85.12,16602,8721,88.97,17361,10402,0,4,0,7423,0,7423,0,7423,1,0,Tidak Potensial
Sumatera Utara,Nias Barat,97.493,1.042,95334,"Rp24.508.627,93",133.86,10387,6266,93.99,10355,6027,0,1,0,8388,0,8388,0,8388,1,0,Tidak Potensial
Sumatera Utara,Nias Selatan,97.733,0.7967,382539,"Rp22.415.953,41",86.22,43637,19506,87.05,41210,20096,0,6,5377,16818,3.13,11441,0.28,11441,1,0,Potensial
Sumatera Utara,Nias Utara,97.388,1.3293,155873,"Rp28.727.669,51",103.56,17889,8957,89.7,16844,9055,4,0,0,9276,0,9276,0,9272,1,0,Tidak Potensial
Kalimantan Utara,Nunukan,116.56,4.1134,208303,"Rp204.580.000,00",79.8,19371,7411,103.85,18472,8846,0,3,388,5914,15.24,5526,0.05,5526,1,0,Potensial
Sumatera Selatan,Ogan Ilir,104.62,-3.3799,431043,"Rp33.061.220,00",74.99,36306,15078,82.25,36724,25106,0,5,2616,11307,4.32,8691,0.17,8691,1,0,Potensial
Sumatera Selatan,Ogan Komering Ilir,105.42,-3.1577,797429,"Rp46.894.760,00",73.59,62811,24821,90.3,70523,39098,0,8,1115,18266,16.38,17151,0.04,17151,1,0,Potensial
Sumatera Selatan,Ogan Komering Ulu,104.11,-4.0365,379130,"Rp50.165.820,00",84.78,29211,15327,87.57,33058,20010,1006,8,905,12994,14.36,12089,0.06,11083,0.917,0,Potensial
Sumatera Selatan,Ogan Komering Ulu Selatan,103.82,-4.5485,424190,"Rp26.144.880,00",78,37817,11049,90.83,37222,17264,0,3,0,8618,0,8618,0,8618,1,0,Tidak Potensial
Sumatera Selatan,Ogan Komering Ulu Timur,104.55,-4.0762,668035,"Rp29.137.580,00",68.52,48261,23166,89.03,52776,37053,0,11,1386,15873,11.45,14487,0.06,14487,1,0,Potensial
Jawa Timur,Pacitan,111.1,-8.1795,596649,"Rp33.148.600,00",91.42,37400,14769,96.52,15244,15393,0,6,1984,13502,6.81,11518,0.13,11518,1,0,Potensial
Sumatera Utara,Padang Lawas,99.809,1.2155,275648,"Rp58.506.060,16",116.42,26397,7251,93.44,27907,4134,0,3,104,8442,81.17,8338,0.01,8338,1,4,Potensial
Sumatera Utara,Padang Lawas Utara,99.702,1.5979,275448,"Rp57.442.296,92",113.99,25966,5856,95.12,29563,5091,0,6,442,6675,15.1,6233,0.08,6233,1,0,Potensial
Sumatera Barat,Padang Pariaman,100.19,-0.5193,436129,"Rp55.541.680,00",93.56,40546,15293,98.37,38540,15431,0,7,1512,14308,9.46,12796,0.1,12796,1,0,Potensial
Sumatera Utara,Padang Sidempuan,99.26938,1.4023,236217,"Rp33.566.397,08",77.08,21097,13782,91.65,19895,9183,51,0,16451,10623,0.65,-5828,1.19,-5879,1.009,0,Tidak Potensial
Sumatera Selatan,Pagar Alam,103.22,-4.0408,147836,"Rp23.610.830,00",84.63,10915,7019,103.66,12046,8075,0,0,139,5940,42.74,5801,0.02,5801,1,3,Potensial
Sumatera Utara,Pakpak Bharat,98.239,2.5511,55172,"Rp28.271.066,38",98.85,5267,2825,100.35,5353,2803,0,0,0,2793,0,2793,0,2793,1,0,Tidak Potensial
Kalimantan Tengah,Palangka Raya,113.91,-2.2163,305907,"Rp79.100.000,00",104.04,17109,17800,108.41,15180,16457,0,0,16182,18519,1.14,2337,0.91,2337,1,0,Potensial
Sumatera Selatan,Palembang,104.77,-2.9769,1706371,"Rp114.025.380,00",95.66,124998,82203,79.64,130928,88117,153,0,23865,78635,3.3,54770,0.29,54617,0.997,0,Potensial
Sumatera Selatan,Pali,103.98,-3.1837,202681,"Rp43.018.710,00",80.23,17121,9594,113.39,18384,12447,0,0,28,7697,274.9,7669,0,7669,1,2,Potensial
Sulawesi Selatan,Palopo,120.19,-3.0014,184681,"Rp54.470.000,00",110.58,17396,10670,107.5,10282,11053,0,0,33184,11799,0.36,-21385,3.11,-21385,1,0,Tidak Potensial
Jawa Timur,Pamekasan,113.47,-7.1546,862009,"Rp23.842.100,00",88.99,63996,27558,88.03,62610,21444,0,20,20907,24524,1.17,3617,0.76,3617,1,0,Potensial
Banten,Pandeglang,105.87,-6.5234,132595,"Rp25.913.270,00",60.03,116789,43568,91.82,118009,39393,0,9,0,26154,0,26154,0,26154,1,0,Tidak Potensial
Jawa Barat,Pangandaran,108.51,-7.6037,401493,"Rp33.042.000,00",84.31,32260,14247,85.57,31252,13369,871,17,0,12012,0,12012,0,11141,0.927,0,Tidak Potensial
Sulawesi Selatan,Pangkajene dan Kepulauan,119.59,-4.7911,345775,"Rp91.860.000,00",83.79,32712,13369,107.98,17889,19316,0,0,3903,11202,2.87,7299,0.29,7299,1,0,Potensial
Sulawesi Selatan,Parepare,119.62,-4.0097,151454,"Rp58.780.000,00",116.61,9662,11267,102,8281,8447,185,0,18320,13138,0.72,-5182,1.63,-5367,1.036,0,Tidak Potensial
Sulawesi Tengah,Parigi Moutong,119.97,-0.0809,446712,"Rp40.196.473,15",95.28,22637,21568,108.03,23258,25126,0,0,0,20550,0,20550,0,20550,1,0,Tidak Potensial
Sumatera Barat,Pasaman,100.07,0.4712,307425,"Rp36.272.010,00",80.54,28460,11824,100.23,28522,9118,0,2,947,9523,10.06,8576,0.08,8576,1,0,Potensial
Sumatera Barat,Pasaman Barat,99.637,0.2676,442479,"Rp43.428.060,00",86.09,40921,16162,93.42,41458,14853,0,5,1952,13914,7.13,11962,0.12,11962,1,0,Potensial
Sulawesi Barat,Pasangkayu,119.43,-1.5331,198608,"Rp50.600.214,36",78.65,18656,6147,86.1,19144,6910,0,0,0,4835,0,4835,0,4835,1,0,Tidak Potensial
Kalimantan Timur,Paser,115.99,-1.7303,280065,"Rp208.430.000,00",96.19,23542,10082,89.35,22502,9347,470,1,0,9698,0,9698,0,9228,0.952,0,Tidak Potensial
Jawa Timur,Pasuruan,112.81,-7.7192,1626029,"Rp113.682.700,00",72.12,119990,42097,106.92,119487,41137,0,23,12823,30360,2.37,17537,0.3,17537,1,0,Potensial
Jawa Tengah,Pati,111.08,-6.6686,1359364,"Rp40.290.000,00",102.1,96187,36736,88.24,92255,32617,0,14,595,37507,63.04,36912,0.02,36912,1,3,Potensial
Papua Barat,Pegunungan Arfak,133.73,-1.146,39760,"Rp7.035.899,65",83.08,3477,715,82.89,2460,1297,0,0,0,594,0,594,0,594,1,0,Tidak Potensial
Jawa Tengah,Pekalongan,109.61,-7.0337,1007384,"Rp27.910.000,00",62.3,77857,28714,99.72,76344,30454,577,6,1422,17889,12.58,16467,0.05,15890,0.965,0,Potensial
Riau,Pekanbaru,101.44,0.5079,1016366,"Rp157.384.910,00",95.98,77696,56049,95.42,80611,45766,443,0,116095,53796,0.46,-62299,2.07,-62742,1.007,0,Tidak Potensial
Riau,Pelalawan,102.33,0.4481,408543,"Rp172.617.380,00",95.38,34939,15954,90.1,39582,16912,96,5,232,15217,65.59,14985,0.01,14889,0.994,3,Potensial
Jawa Tengah,Pemalang,109.42,-6.9641,1523622,"Rp21.240.000,00",73.82,118112,45437,91.53,116257,50070,0,7,505,33542,66.42,33037,0.01,33037,1,3,Potensial
Sumatera Utara,Pematangsiantar,99.063,2.9705,274838,"Rp59.045.874,45",100.36,23694,25977,85.62,22020,16740,305,0,14538,26071,1.79,11533,0.56,11228,0.974,0,Potensial
Kalimantan Timur,Penajam Paser Utara,116.59,-1.0711,183043,"Rp87.260.000,00",85.73,15677,7830,93.69,15545,6957,166,1,0,6713,0,6713,0,6547,0.975,0,Tidak Potensial
Lampung,Pesawaran,105.09,-5.4998,500300,"Rp40.902.935,00",93.26,40482,12651,98.58,25069,24712,0,0,0,11798,0,11798,0,11798,1,0,Tidak Potensial
Lampung,Pesisir Barat,104.04,-5.2545,172320,"Rp33.782.387,00",89.87,13711,5792,95.2,9650,9187,0,1,0,5205,0,5205,0,5205,1,0,Tidak Potensial
Sumatera Barat,Pesisir Selatan,100.82,-1.5997,516518,"Rp34.311.430,00",101.19,45951,22839,80.69,44610,17103,0,4,809,23111,28.57,22302,0.04,22302,1,3,Potensial
Aceh,Pidie,95.965,5.0559,435275,"Rp24.300.000,00",87.95,20319,17871,109.43,21639,23679,0,12,7113,15718,2.21,8605,0.4,8605,1,0,Potensial
Aceh,Pidie Jaya,96.202,5.1622,158397,"Rp26.460.000,00",105.29,7398,7789,107.24,9750,5339,0,2,0,8201,0,8201,0,8201,1,0,Tidak Potensial
Sulawesi Selatan,Pinrang,119.58,-3.6063,403994,"Rp59.970.000,00",81.12,35224,14501,104.11,19946,20766,0,9,2502,11763,4.7,9261,0.17,9261,1,0,Potensial
Gorontalo,Pohuwato,121.68,0.7352,149297,"Rp53.412.520,00",99.16,7975,7908,107.6,7890,8490,0,2,0,7842,0,7842,0,7842,1,0,Tidak Potensial
Sulawesi Barat,Polewali Mandar,119.1,-3.2793,490493,"Rp25.719.266,30",89.77,42679,16014,78.57,44923,15415,0,1,0,14376,0,14376,0,14376,1,0,Tidak Potensial
Jawa Timur,Ponorogo,111.47,-7.9045,972582,"Rp26.313.900,00",83.28,60015,27693,96.95,58983,23154,0,13,26707,23063,0.86,-3644,0.96,-3644,1,0,Tidak Potensial
Sulawesi Tengah,Poso,120.51,-1.5529,252650,"Rp43.857.343,61",93.36,21016,10353,106.31,11756,12498,262,6,0,9666,0,9666,0,9404,0.973,0,Tidak Potensial
Sumatera Selatan,Prabumulih,104.23,-3.4361,200673,"Rp49.005.760,00",77.38,16447,11244,99.89,18276,11033,28,0,0,8701,0,8701,0,8673,0.997,0,Tidak Potensial
Lampung,Pringsewu,104.91,-5.3236,424680,"Rp33.389.926,00",76.34,33375,21248,107.56,23385,25152,0,15,0,16221,0,16221,0,16221,1,0,Tidak Potensial
Jawa Timur,Probolinggo,113.31,-7.8369,1163859,"Rp36.006.200,00",74.65,85087,27124,103.38,84893,30532,0,17,14871,20248,1.36,5377,0.55,5377,1,0,Potensial
Kalimantan Tengah,Pulang Pisau,114.02,-2.6963,136221,"Rp50.600.000,00",77.64,10905,1131,103.56,6633,6869,0,0,0,878,0,878,0,878,1,0,Tidak Potensial
Maluku Utara,Pulau Morotai,128.46,2.349,80566,"Rp23.667.000,00",105.67,6849,3269,106.5,7151,3062,0,0,0,3454,0,3454,0,3454,1,0,Tidak Potensial
Maluku Utara,Pulau Taliabu,124.81,-1.785,64885,"Rp32.010.000,00",98.7,5606,2729,100.38,5962,3984,0,0,0,2694,0,2694,0,2694,1,0,Tidak Potensial
Jawa Tengah,Purbalingga,109.41,-7.3062,1027333,"Rp30.390.000,00",71.77,78766,33150,97.1,78766,32594,0,4,436,23792,54.57,23356,0.01,23356,1,3,Potensial
Jawa Barat,Purwakarta,107.43,-6.5664,971889,"Rp79.194.000,00",81.83,86720,37870,78.85,83769,38130,1556,21,7593,30989,4.08,23396,0.2,21840,0.933,0,Potensial
Jawa Tengah,Purworejo,109.96,-7.6855,788265,"Rp29.420.000,00",95.41,57175,26911,94.51,54988,26874,0,11,5576,25676,4.6,20100,0.21,20100,1,0,Potensial
Bengkulu,Rejang Lebong,102.67,-3.408,281281,"Rp41.648.000,00",98.11,13782,13521,105.31,14107,14856,406,6,5918,13265,2.24,7347,0.44,6941,0.945,0,Potensial
Jawa Tengah,Rembang,111.46,-6.7357,660166,"Rp36.550.000,00",72.85,48085,20112,94.5,44757,17909,414,6,725,14652,20.21,13927,0.04,13513,0.97,0,Potensial
Riau,Rokan Hilir,100.72,1.8183,663956,"Rp142.690.540,00",87.04,63319,26770,92.75,64846,23092,0,8,0,23301,0,23301,0,23301,1,0,Tidak Potensial
Riau,Rokan Hulu,100.43,1.0278,585183,"Rp89.128.670,00",79.27,57393,22806,93.02,57974,22660,0,5,5947,18078,3.04,12131,0.26,12131,1,0,Potensial
Nusa Tenggara Timur,Rote Ndao,123.11,-10.717,150521,"Rp24.891.000,00",70.3,12381,8286,97.22,13815,9381,0,0,0,5825,0,5825,0,5825,1,0,Tidak Potensial
Nusa Tenggara Timur,Sabu Raijua,121.82,-10.549,93330,"Rp17.556.000,00",105.46,7595,6073,96.21,8932,6057,0,0,0,6405,0,6405,0,6405,1,0,Tidak Potensial
Kalimantan Timur,Samarinda,117.15,-0.4981,834824,"Rp104.970.000,00",93.53,71885,39661,87.38,68753,24157,400,0,0,37095,0,37095,0,36695,0.989,0,Tidak Potensial
Kalimantan Barat,Sambas,109.32,1.4465,648181,"Rp40.425.099,66",96.68,53958,22444,79.91,56237,27477,0,5,0,21699,0,21699,0,21699,1,0,Tidak Potensial
Sumatera Utara,Samosir,98.747,2.5973,141333,"Rp40.017.195,47",99.27,13863,8419,99.47,13875,9343,0,0,0,8358,0,8358,0,8358,1,0,Tidak Potensial
Jawa Timur,Sampang,113.24,-7.0339,992210,"Rp23.978.200,00",69.81,71720,21937,88.09,70900,28559,0,16,2342,15314,6.54,12972,0.11,12972,1,0,Potensial
Kalimantan Barat,Sanggau,110.4,0.2356,503937,"Rp48.675.372,83",74.06,41254,16048,75.91,39482,19986,318,0,0,11885,0,11885,0,11567,0.973,0,Tidak Potensial
Papua,Sarmi,138.98,-2.2417,42233,"Rp78.241.330,17",80.06,2774,2221,77.34,3663,2833,0,0,0,1778,0,1778,0,1778,1,0,Tidak Potensial
Jambi,Sarolangun,102.65,-2.3076,302200,"Rp56.661.300,00",83.76,25421,10160,97.77,17012,16632,0,6,1142,8510,7.45,7368,0.11,7368,1,0,Potensial
Kalimantan Barat,Sekadau,110.97,0.0619,219724,"Rp38.713.727,36",77.29,18151,8175,79.66,17745,9469,0,2,0,6318,0,6318,0,6318,1,0,Tidak Potensial
Bengkulu,Seluma,102.69804,-4.0145,213755,"Rp26.824.000,00",96.03,18393,6867,102.15,9968,10182,0,0,0,6594,0,6594,0,6594,1,0,Tidak Potensial
Jawa Tengah,Semarang,110.415,-6.9817,1080648,"Rp56.710.000,00",79.91,79914,33949,93.47,78907,36073,0,16,5739,27129,4.73,21390,0.17,21390,1,0,Potensial
Maluku,Seram Bagian Barat,128.3561,-3.0882,226044,"Rp17.026.576,70",114.8,23183,10307,105.46,21135,10375,0,2,2494,11832,4.74,9338,0.24,9338,1,0,Potensial
Maluku,Seram Bagian Timur,130.4326,-3.40338,147139,"Rp24.232.851,44",106.48,15245,5351,109.87,14155,5984,0,3,950,5698,6,4748,0.18,4748,1,0,Potensial
Banten,Serang,106.152667,-6.11782,170180,"Rp56.523.730,00",87.77,143455,56618,92.35,136516,51322,1179,22,0,49694,0,49694,0,48515,0.976,0,Tidak Potensial
Sumatera Utara,Serdang Bedagai,99.022177,3.38838,682918,"Rp54.961.489,84",97.96,53569,24804,83.81,59706,23591,0,1,0,24298,0,24298,0,24298,1,0,Tidak Potensial
Kalimantan Tengah,Seruyan,111.944,-1.378,166072,"Rp66.800.000,00",102.27,5596,5723,102.34,8390,8586,0,1,184,5853,31.81,5669,0.03,5669,1,3,Potensial
Riau,Siak,101.866,0.817,477064,"Rp230.416.400,00",85.84,18511,20758,92.49,21724,28617,186,3,35,17819,509.1,17784,0,17598,0.99,1,Potensial
Sumatera Utara,Sibolga,98.7844,1.7368,91265,"Rp74.736.184,64",97.76,7950,7689,91.45,8104,5067,0,0,1943,7517,3.87,5574,0.25,5574,1,0,Potensial
Jawa Timur,Sidoarjo,112.7065,-7.447388,2114588,"Rp127.381.700,00",107.5,159402,74510,97.41,163261,76478,248,28,25696,80098,3.12,54402,0.34,54154,0.995,0,Potensial
Sulawesi Tengah,Sigi,119.94196,-1.5383,266812,"Rp40.822.097,11",90.71,12457,11300,101.57,13716,13931,0,1,0,10250,0,10250,0,10250,1,0,Tidak Potensial
Sumatera Barat,Sijunjung,100.978,-0.71,240317,"Rp47.912.760,00",84.33,21689,9310,92.19,21368,8999,0,0,299,7851,26.26,7552,0.03,7552,1,3,Potensial
Nusa Tenggara Timur,Sikka,122.0629,-8.64101,335360,"Rp18.472.000,00",112.55,25823,16843,80.98,27729,17220,0,8,0,18957,0,18957,0,18957,1,0,Tidak Potensial
Sumatera Utara,Simalungun,99.1961,2.9121,1035920,"Rp50.427.735,70",91.58,87329,33002,83.5,86238,36571,0,6,1852,30223,16.32,28371,0.06,28371,1,0,Potensial
Aceh,Simeulue,95.9315,2.7029,92865,"Rp30.220.000,00",94.49,6116,5779,103.95,5677,5901,93,2,84,5461,65.01,5377,0.01,5284,0.983,3,Potensial
Sulawesi Selatan,Sindereng Rappang,119.951,-3.8546,319990,"Rp55.510.000,00",94.16,14051,13230,107.79,14694,15839,0,0,4991,12457,2.5,7466,0.38,7466,1,0,Potensial
Sulawesi Selatan,Sinjai,120.258,-5.125,259478,"Rp55.290.000,00",89.39,24629,8747,102.39,13672,13999,0,8,5607,7819,1.39,2212,0.64,2212,1,0,Potensial
Kalimantan Barat,Sintang,111.487,0.0636,438022,"Rp42.433.616,78",82.71,35712,17339,69.16,37491,20704,106,10,0,14341,0,14341,0,14235,0.993,0,Tidak Potensial
Jawa Timur,Situbondo,114.00956,-7.704427,694081,"Rp36.189.600,00",74.78,49262,22890,92.03,45933,20710,0,12,15740,17117,1.09,1377,0.69,1377,1,0,Potensial
DI Yogyakarta,Sleman,110.332,-7.7203,1147562,"Rp51.350.000,00",93.79,84323,36698,92.59,80513,40245,0,69,205296,34419,0.17,-170877,5.59,-170877,1,0,Tidak Potensial
Sumatera Barat,Solok,100.6545,-0.788,397829,"Rp42.717.020,00",79.81,35980,10650,114.59,34305,13302,294,2,1638,8500,5.19,6862,0.15,6568,0.957,0,Potensial
Sumatera Barat,Solok Selatan,101.156,-1.419,188649,"Rp36.777.770,00",85.11,17217,6180,93.4,16012,5310,94,2,168,5260,31.31,5092,0.03,4998,0.982,3,Potensial
Sulawesi Selatan,Soppeng,119.8365,-4.2938,235167,"Rp62.580.000,00",92.45,18338,7497,105.34,10915,11498,0,11,2738,6931,2.53,4193,0.37,4193,1,0,Potensial
Jawa Tengah,Sragen,111.0197,-7.4188,997485,"Rp48.690.000,00",108.2,72507,38415,87.92,74278,34696,26,5,83,41565,500.78,41482,0,41456,0.999,1,Potensial
Jawa Barat,Subang,107.7682,-6.5553,1612576,"Rp30.120.000,00",71.86,127902,61161,106.24,119038,59901,77,2,10744,43950,4.09,33206,0.18,33129,0.998,0,Potensial
Jawa Barat,Sukabumi,106.932,-6.9278,2470219,"Rp29.374.000,00",71.15,241161,81219,94.21,228227,82204,0,12,5919,57787,9.76,51868,0.07,51868,1,0,Potensial
Kalimantan Tengah,Sukamara,111.2588,-2.72542,66845,"Rp88.900.000,00",61.35,4085,2506,103.9,2694,2799,38,0,0,1537,0,1537,0,1499,0.975,0,Tidak Potensial
Jawa Tengah,Sukoharjo,110.83084,-7.6813,932680,"Rp49.880.000,00",83.9,69506,33553,97.94,69577,32166,0,28,53542,28151,0.53,-25391,1.6,-25391,1,0,Tidak Potensial
Nusa Tenggara Timur,Sumba Barat,119.43,-9.593,152414,"Rp18.277.000,00",91.87,14431,8258,104.74,15493,8967,0,1,0,7587,0,7587,0,7587,1,0,Tidak Potensial
Nusa Tenggara Timur,Sumba Barat Daya,119.1565,-9.518,322073,"Rp13.972.000,00",83.57,27389,12635,84.04,35988,30998,0,5,0,10559,0,10559,0,10559,1,0,Tidak Potensial
Nusa Tenggara Timur,Sumba Tengah,119.61,-9.567,90521,"Rp15.443.000,00",84.27,8059,4164,85.38,9246,5413,0,0,0,3509,0,3509,0,3509,1,0,Tidak Potensial
Nusa Tenggara Timur,Sumba Timur,120.0372,-9.804,255498,"Rp28.683.000,00",83.58,19069,15846,88.08,22986,16791,1106,4,0,13244,0,13244,0,12138,0.916,0,Tidak Potensial
Nusa Tenggara Barat,Sumbawa,117.4643,-8.76,529487,"Rp30.503.000,00",111.54,43579,17358,104.81,44373,17927,0,11,0,19361,0,19361,0,19361,1,0,Tidak Potensial
Nusa Tenggara Barat,Sumbawa Barat,116.832,-8.9,152948,"Rp207.626.000,00",103.65,11493,5126,105.63,13731,5921,747,1,0,5313,0,5313,0,4566,0.859,0,Tidak Potensial
Jawa Barat,Sumedang,107.929,-6.838,1154428,"Rp36.773.000,00",65.3,97090,43873,105.29,89005,42386,2064,12,44909,28649,0.64,-16260,1.02,-18324,1.127,0,Tidak Potensial
Jawa Timur,Sumenep,113.77,-6.9676,1143295,"Rp37.370.100,00",91.28,77163,21244,103.7,73495,19544,0,19,13232,19392,1.47,6160,0.62,6160,1,0,Potensial
Papua,Supiori,135.5587,-0.742,23247,"Rp49.004.238,36",78.76,2189,1724,71.33,2483,1771,0,1,0,1358,0,1358,0,1358,1,0,Tidak Potensial
Kalimantan Selatan,Tabalong,115.5281,-1.801,261353,"Rp776.166.101,60",88.75,20040,8432,94.37,21968,13236,0,2,1779,7483,4.21,5704,0.21,5704,1,0,Potensial
Bali,Tabanan,115.1245,-8.537,469340,"Rp54.772.000,00",90.71,31028,15146,99.9,28288,16764,0,5,0,13739,0,13739,0,13739,1,0,Tidak Potensial
Sulawesi Selatan,Takalar,119.515,-5.3756,300853,"Rp41.140.000,00",110.69,16840,18641,108.51,16527,17934,0,3,648,20634,31.84,19986,0.03,19986,1,3,Potensial
Kalimantan Utara,Tana Tidung,116.9677,3.5244,27571,"Rp328.400.000,00",70.5,2346,1022,104.39,2307,1264,0,0,0,721,0,721,0,721,1,0,Tidak Potensial
Sulawesi Selatan,Tana Toraja,119.74,-3.135,280794,"Rp32.380.000,00",119.14,14615,17413,101.19,16094,16286,0,10,11536,20746,1.8,9210,0.66,9210,1,0,Potensial
Kalimantan Selatan,Tanah Bumbu,115.593,-3.445,335079,"Rp690.669.701,90",75.64,23253,12508,91.48,30686,16600,0,3,409,9461,23.13,9052,0.03,9052,1,3,Potensial
Sumatera Barat,Tanah Datar,100.563,-0.426,376276,"Rp42.899.630,00",87.89,32190,13184,98.44,29628,9970,135,9,9299,11587,1.25,2288,0.71,2153,0.941,0,Potensial
Kalimantan Selatan,Tanah Laut,114.855,-3.802,361044,"Rp432.716.317,70",84.89,28121,9674,84.57,31064,14262,0,4,1101,8212,7.46,7111,0.11,7111,1,0,Potensial
Banten,Tangerang,106.641,-6.169,340049,"Rp51.538.220,00",74.21,267437,131554,102.81,272973,131051,0,59,0,97626,0,97626,0,97626,1,0,Tidak Potensial
Lampung,Tanggamus,104.558,-5.284,670370,"Rp29.596.873,00",83.23,28579,23787,99.48,30322,30163,0,0,0,19798,0,19798,0,19798,1,0,Tidak Potensial
Sumatera Utara,Tanjung Balai,99.7993,2.9655,183170,"Rp61.197.207,26",90.07,16324,8237,90.14,16186,7003,0,0,184,7419,40.32,7235,0.02,7235,1,3,Potensial
Jambi,Tanjung Jabung Barat,103.217,-0.985,330500,"Rp131.000.000,00",87.57,29185,9403,101.96,15849,16160,0,4,1835,8234,4.49,6399,0.2,6399,1,0,Potensial
Jambi,Tanjung Jabung Timur,103.819,-1.123,236700,"Rp94.408.740,00",56.79,18686,5982,102.02,10929,11150,0,3,406,3397,8.37,2991,0.07,2991,1,0,Potensial
Kepulauan Riau,Tanjungpinang,104.466,0.91877,239854,"Rp100.210.190,00",99.84,21017,11136,96.69,11476,11096,0,0,0,11118,0,11118,0,11118,1,0,Tidak Potensial
Sumatera Utara,Tapanuli Selatan,99.1432,1.405,312540,"Rp60.393.708,03",78.14,28553,9050,89.58,31009,10244,0,1,0,7072,0,7072,0,7072,1,0,Tidak Potensial
Sumatera Utara,Tapanuli Tengah,98.6287,1.9707,386895,"Rp32.649.100,26",86.87,38028,16724,100.87,37133,17753,93,6,164,14528,88.59,14364,0.01,14271,0.994,4,Potensial
Sumatera Utara,Tapanuli Utara,99.084,1.994,323102,"Rp32.465.607,22",108.15,31413,20823,91.92,32428,21508,106,8,1791,22520,12.57,20729,0.09,20623,0.995,0,Potensial
Kalimantan Selatan,Tapin,115.0106,-2.94365,194628,"Rp489.434.883,00",64.59,13877,4177,86.23,16203,7750,0,2,272,2698,9.92,2426,0.07,2426,1,0,Potensial
Kalimantan Utara,Tarakan,117.5794,3.3284,248972,"Rp207.420.000,00",120.76,21914,9764,94.7,19820,10856,0,0,11235,11791,1.05,556,1.15,556,1,0,Potensial
Jawa Barat,Tasikmalaya,108.2094,-7.35112,1755710,"Rp36.955.000,00",71.01,159343,67351,103.19,149202,62845,1545,20,2061,47826,23.21,45765,0.03,44220,0.966,3,Potensial
Sumatera Utara,Tebing Tinggi,99.1579,3.32703,178914,"Rp41.518.749,52",84.65,13548,12788,86.13,14374,9855,0,0,2807,10825,3.86,8018,0.22,8018,1,0,Potensial
Jambi,Tebo,102.526,-1.3528,350800,"Rp49.756.450,00",70.04,29217,11295,101.81,19799,20158,0,4,1184,7911,6.68,6727,0.1,6727,1,0,Potensial
Jawa Tengah,Tegal,109.12598,-6.8795,1654836,"Rp26.850.000,00",78.76,123086,50054,101.4,129555,47319,0,15,1818,39423,21.68,37605,0.04,37605,1,3,Potensial
Papua Barat,Teluk Bintuni,133.4089,-1.73511,92236,"Rp378.756.636,00",101.44,8272,3094,90.74,7582,3938,0,1,0,3139,0,3139,0,3139,1,0,Tidak Potensial
Papua Barat,Teluk Wondama,134.4329,-2.968,43746,"Rp38.021.066,40",71.53,4416,1757,101.47,4751,2208,0,0,0,1257,0,1257,0,1257,1,0,Tidak Potensial
Jawa Tengah,Temanggung,110.391665,-7.3154,808446,"Rp33.290.000,00",76.14,58002,21064,108.03,58660,27056,0,6,488,16038,32.87,15550,0.02,15550,1,3,Potensial
Maluku Utara,Ternate,127.37,0.772,204920,"Rp64.498.000,00",87.59,16684,11481,107.68,16841,9214,0,0,0,10056,0,10056,0,10056,1,0,Tidak Potensial
Maluku Utara,Tidore Kepulauan,127.6984,0.55067,118613,"Rp29.529.000,00",109.91,10383,5000,107.15,9908,4505,0,0,0,5496,0,5496,0,5496,1,0,Tidak Potensial
Nusa Tenggara Timur,Timor Tengah Selatan,124.392,-9.79314,474521,"Rp20.012.000,00",79.35,40871,23748,78.5,48384,30998,0,4,0,18844,0,18844,0,18844,1,0,Tidak Potensial
Nusa Tenggara Timur,Timor Tengah Utara,124.523004,-9.4948,271277,"Rp17.766.000,00",72.07,24251,14731,86.95,24691,16393,0,6,0,10617,0,10617,0,10617,1,0,Tidak Potensial
Sumatera Utara,Toba,99.27026,2.38279,213850,"Rp45.154.410,54",103.51,20356,13928,96.73,20671,13545,0,0,1973,14417,7.31,12444,0.14,12444,1,0,Potensial
Sulawesi Tengah,Tojo Una-una,121.47186,-1.1697,169478,"Rp38.511.420,88",87.65,15147,5885,104.44,9185,9593,0,0,0,5158,0,5158,0,5158,1,0,Tidak Potensial
Sulawesi Tengah,Tolitoli,120.751,0.7869,228641,"Rp42.412.625,03",97.95,12521,12264,102.32,12889,13188,194,0,0,12013,0,12013,0,11819,0.984,0,Tidak Potensial
Sulawesi Selatan,Toraja Utara,119.8212,-2.8023,261086,"Rp45.030.000,00",105.92,16120,17075,102.33,16972,17368,0,7,631,18086,28.66,17455,0.04,17455,1,3,Potensial
Jawa Timur,Trenggalek,111.7021,-8.078,744358,"Rp30.681.000,00",102.78,47104,21296,99.13,46394,22428,0,5,1221,21888,17.93,20667,0.06,20667,1,0,Potensial
Maluku,Tual,132.75,-5.62678,92744,"Rp34.988.696,23",85.53,8874,4485,101.18,7977,3676,571,0,2206,3836,1.74,1630,0.49,1059,0.65,0,Potensial
Jawa Timur,Tuban,112.04089,-6.895,1215795,"Rp67.175.800,00",71.91,80274,30496,92.82,82796,30713,0,14,6890,21930,3.18,15040,0.23,15040,1,0,Potensial
Lampung,Tulang Bawang,105.437,-4.3499,450340,"Rp63.340.842,00",67.24,16431,12828,103.04,21585,22241,0,5,0,8626,0,8626,0,8626,1,0,Tidak Potensial
Lampung,Tulang Bawang Barat,105.10046,-4.3397,298700,"Rp48.701.623,00",95.21,12682,12075,98.51,15488,15258,0,4,0,11497,0,11497,0,11497,1,0,Tidak Potensial
Jawa Timur,Tulungagung,111.956,-8.09357,1113973,"Rp43.296.900,00",76.11,76719,37922,106.25,75926,37202,0,13,28487,28862,1.01,375,0.75,375,1,0,Potensial
Sulawesi Selatan,Wajo,120.1527,-3.9928,379079,"Rp63.610.000,00",80.74,27001,10087,106.68,17501,18670,0,13,5771,8144,1.41,2373,0.57,2373,1,0,Potensial
Sulawesi Tenggara,Wakatobi,123.60005,-5.331,116450,"Rp49.530.000,00",87.57,10230,4924,88.07,9810,4591,0,3,588,4312,7.33,3724,0.12,3724,1,0,Potensial
Papua,Waropen,134.644,-2.534,34997,"Rp66.108.619,73",87.75,1731,1519,64.14,3171,2034,0,0,0,1333,0,1333,0,1333,1,0,Tidak Potensial
Lampung,Way Kanan,104.5275,-4.447,497260,"Rp35.579.572,00",88.9,38380,16283,97.02,24382,23655,40,3,0,14476,0,14476,0,14436,0.997,0,Tidak Potensial
Jawa Tengah,Wonogiri,109.93,-7.917,1051085,"Rp35.150.000,00",89.97,75821,32027,96.73,67760,35246,0,6,188,28815,153.27,28627,0.01,28627,1,4,Potensial
Jawa Tengah,Wonosobo,109.894,-7.368,909664,"Rp25.650.000,00",57.08,67708,23468,95.79,66929,28793,0,4,10625,13396,1.26,2771,0.45,2771,1,0,Potensial
